error(0.0002667378157289137965806069541230272) D0 D2
error(0.0002667378157289137965806069541230272) D0 D3
error(0.0005333333333331479603200975248000759) D0 D19
error(0.0002667378157289137965806069541230272) D1
error(0.0002667378157289137965806069541230272) D1 D3
error(0.0002667378157289137965806069541230272) D1 D29
error(0.0002667378157289137965806069541230272) D2 D4
error(0.0004000533570511300221483885763973376) D2 D14
error(0.00013338669987616075555611483416385) D2 D14 ^ D12
error(0.0004000533570511300221483885763973376) D2 D19
error(0.00013338669987616075555611483416385) D2 D19 ^ D12
error(0.0007997866287252842132024510668486528) D2 L0
error(0.0005333333333331479603200975248000759) D3 D4
error(0.0005333333333331479603200975248000759) D3 D4 ^ D20
error(0.0002667378157289137965806069541230272) D3 D5
error(0.0005333333333331479603200975248000759) D3 D19
error(0.0002667378157289137965806069541230272) D3 D19 ^ D20
error(0.0006665777540627741476128576003645776) D3 D24
error(0.0004000533570511300221483885763973376) D3 D24 ^ D20
error(0.0004000533570511300221483885763973376) D3 D29
error(0.00013338669987616075555611483416385) D3 D29 ^ D20
error(0.0005333333333331479603200975248000759) D4 D6
error(0.0005333333333331479603200975248000759) D4 D6 ^ D15
error(0.0002667378157289137965806069541230272) D4 D7
error(0.000599959987549120990144024823109703) D4 D14
error(0.0002000667052120994558999517165531756) D4 D14 ^ D15
error(0.00013338669987616075555611483416385) D4 D14 ^ D15 D20
error(6.669779853440971351119515020400286e-05) D4 D14 ^ D20
error(6.669779853440971351119515020400286e-05) D4 D14 ^ D20 ^ D15
error(0.0002000667052120994558999517165531756) D4 D19
error(6.669779853440971351119515020400286e-05) D4 D19 ^ D15
error(0.0002000667052120994558999517165531756) D4 D19 ^ D20
error(6.669779853440971351119515020400286e-05) D4 D19 ^ D20 ^ D15
error(0.000599959987549120990144024823109703) D4 D21
error(0.0002000667052120994558999517165531756) D4 D21 ^ D15
error(0.00013338669987616075555611483416385) D4 D21 ^ D15 D20
error(6.669779853440971351119515020400286e-05) D4 D21 ^ D20
error(6.669779853440971351119515020400286e-05) D4 D21 ^ D20 ^ D15
error(0.0002000667052120994558999517165531756) D4 D24
error(6.669779853440971351119515020400286e-05) D4 D24 ^ D15
error(0.0002000667052120994558999517165531756) D4 D24 ^ D20
error(6.669779853440971351119515020400286e-05) D4 D24 ^ D20 ^ D15
error(0.000733186634059687820930140134123576) D5
error(0.0005333333333331479603200975248000759) D5 D7
error(0.0005333333333331479603200975248000759) D5 D7 ^ D25
error(0.000599959987549120990144024823109703) D5 D24
error(0.0002000667052120994558999517165531756) D5 D24 ^ D25
error(0.00013338669987616075555611483416385) D5 D24 ^ D25 D30
error(6.669779853440971351119515020400286e-05) D5 D24 ^ D30
error(6.669779853440971351119515020400286e-05) D5 D24 ^ D30 ^ D25
error(6.669779853440971351119515020400286e-05) D5 D29
error(6.669779853440971351119515020400286e-05) D5 D29 ^ D25
error(6.669779853440971351119515020400286e-05) D5 D29 ^ D30
error(6.669779853440971351119515020400286e-05) D5 D29 ^ D30 ^ D25
error(0.0002667378157289137965806069541230272) D5 D31
error(0.00013338669987616075555611483416385) D5 D31 ^ D25
error(0.00013338669987616075555611483416385) D5 D31 ^ D25 D30
error(0.0002667378157289137965806069541230272) D6 D8
error(0.00013338669987616075555611483416385) D6 D14
error(0.00013338669987616075555611483416385) D6 D14 ^ D15
error(0.0003334000326131335203289074442523088) D6 D16
error(6.669779853440971351119515020400286e-05) D6 D16 ^ D13
error(6.669779853440971351119515020400286e-05) D6 D16 ^ D15
error(6.669779853440971351119515020400286e-05) D6 D16 ^ D15 ^ D13
error(0.0002000667052120994558999517165531756) D6 D21
error(6.669779853440971351119515020400286e-05) D6 D21 ^ D13
error(0.0002000667052120994558999517165531756) D6 D21 ^ D15
error(6.669779853440971351119515020400286e-05) D6 D21 ^ D15 ^ D13
error(0.0008663777392448274508596206544552842) D6 L0
error(0.0005333333333331479603200975248000759) D7 D8
error(0.0005333333333331479603200975248000759) D7 D8 ^ D22
error(0.0002667378157289137965806069541230272) D7 D9
error(0.000599959987549120990144024823109703) D7 D21
error(0.0002000667052120994558999517165531756) D7 D21 ^ D22
error(0.00013338669987616075555611483416385) D7 D21 ^ D22 D25
error(6.669779853440971351119515020400286e-05) D7 D21 ^ D25
error(6.669779853440971351119515020400286e-05) D7 D21 ^ D25 ^ D22
error(0.0002000667052120994558999517165531756) D7 D24
error(6.669779853440971351119515020400286e-05) D7 D24 ^ D22
error(0.0002000667052120994558999517165531756) D7 D24 ^ D25
error(6.669779853440971351119515020400286e-05) D7 D24 ^ D25 ^ D22
error(0.000599959987549120990144024823109703) D7 D26
error(0.0002000667052120994558999517165531756) D7 D26 ^ D22
error(0.00013338669987616075555611483416385) D7 D26 ^ D22 D25
error(6.669779853440971351119515020400286e-05) D7 D26 ^ D25
error(6.669779853440971351119515020400286e-05) D7 D26 ^ D25 ^ D22
error(0.0002000667052120994558999517165531756) D7 D31
error(6.669779853440971351119515020400286e-05) D7 D31 ^ D22
error(0.0002000667052120994558999517165531756) D7 D31 ^ D25
error(6.669779853440971351119515020400286e-05) D7 D31 ^ D25 ^ D22
error(0.0005333333333331479603200975248000759) D8 D10
error(0.0005333333333331479603200975248000759) D8 D10 ^ D17
error(0.0002667378157289137965806069541230272) D8 D11
error(0.000599959987549120990144024823109703) D8 D16
error(0.0002000667052120994558999517165531756) D8 D16 ^ D17
error(0.00013338669987616075555611483416385) D8 D16 ^ D17 D22
error(6.669779853440971351119515020400286e-05) D8 D16 ^ D22
error(6.669779853440971351119515020400286e-05) D8 D16 ^ D22 ^ D17
error(0.0002000667052120994558999517165531756) D8 D21
error(6.669779853440971351119515020400286e-05) D8 D21 ^ D17
error(0.0002000667052120994558999517165531756) D8 D21 ^ D22
error(6.669779853440971351119515020400286e-05) D8 D21 ^ D22 ^ D17
error(0.000599959987549120990144024823109703) D8 D23
error(0.0002000667052120994558999517165531756) D8 D23 ^ D17
error(0.00013338669987616075555611483416385) D8 D23 ^ D17 D22
error(6.669779853440971351119515020400286e-05) D8 D23 ^ D22
error(6.669779853440971351119515020400286e-05) D8 D23 ^ D22 ^ D17
error(0.0002000667052120994558999517165531756) D8 D26
error(6.669779853440971351119515020400286e-05) D8 D26 ^ D17
error(0.0002000667052120994558999517165531756) D8 D26 ^ D22
error(6.669779853440971351119515020400286e-05) D8 D26 ^ D22 ^ D17
error(0.000733186634059687820930140134123576) D9
error(0.0005333333333331479603200975248000759) D9 D11
error(0.0005333333333331479603200975248000759) D9 D11 ^ D27
error(0.000599959987549120990144024823109703) D9 D26
error(0.0002000667052120994558999517165531756) D9 D26 ^ D27
error(0.00013338669987616075555611483416385) D9 D26 ^ D27 D32
error(6.669779853440971351119515020400286e-05) D9 D26 ^ D32
error(6.669779853440971351119515020400286e-05) D9 D26 ^ D32 ^ D27
error(6.669779853440971351119515020400286e-05) D9 D31
error(6.669779853440971351119515020400286e-05) D9 D31 ^ D27
error(6.669779853440971351119515020400286e-05) D9 D31 ^ D32
error(6.669779853440971351119515020400286e-05) D9 D31 ^ D32 ^ D27
error(0.0002667378157289137965806069541230272) D9 D33
error(0.00013338669987616075555611483416385) D9 D33 ^ D27
error(0.00013338669987616075555611483416385) D9 D33 ^ D27 D32
error(0.00013338669987616075555611483416385) D10 D16
error(0.00013338669987616075555611483416385) D10 D16 ^ D17
error(0.00013338669987616075555611483416385) D10 D18
error(0.00013338669987616075555611483416385) D10 D18 ^ D17
error(0.0002667378157289137965806069541230272) D10 D23
error(0.0002667378157289137965806069541230272) D10 D23 ^ D17
error(0.0002667378157289137965806069541230272) D10 L0
error(0.0005333333333331479603200975248000759) D11 D23
error(0.0002667378157289137965806069541230272) D11 D23 ^ D27
error(0.0002667378157289137965806069541230272) D11 D26
error(0.0002667378157289137965806069541230272) D11 D26 ^ D27
error(0.0002667378157289137965806069541230272) D11 D28
error(0.0002667378157289137965806069541230272) D11 D28 ^ D27
error(0.0002667378157289137965806069541230272) D11 D33
error(0.0002667378157289137965806069541230272) D11 D33 ^ D27
error(0.002528448780624276137629635741177481) D12
error(0.00013338669987616075555611483416385) D12 D15
error(0.00013338669987616075555611483416385) D12 D15 ^ D14 L0
error(0.001465475683586184990625511659345648) D12 D36
error(0.00013338669987616075555611483416385) D12 D36 ^ D14 L0
error(0.0007997866287252842132024510668486528) D12 ^ D2 L0
error(0.0005333333333331479603200975248000759) D12 ^ D14 L0
error(0.0002667378157289137965806069541230272) D12 ^ D14 L0 ^ D2 L0
error(0.002262918176598560475454302576281407) D13
error(0.0002667378157289137965806069541230272) D13 D15
error(0.00013338669987616075555611483416385) D13 D15 ^ D6 L0
error(0.0002667378157289137965806069541230272) D13 D15 ^ D16 L0
error(0.00013338669987616075555611483416385) D13 D15 ^ D16 L0 ^ D6 L0
error(0.00013338669987616075555611483416385) D13 D17
error(0.00013338669987616075555611483416385) D13 D17 ^ D16 L0
error(0.001598471433531980893938406751431103) D13 D37
error(0.0002667378157289137965806069541230272) D13 D37 ^ D16 L0
error(0.000733186634059687820930140134123576) D13 ^ D6 L0
error(0.0002667378157289137965806069541230272) D13 ^ D16 L0
error(0.00013338669987616075555611483416385) D13 ^ D16 L0 ^ D6 L0
error(0.000599959987549120990144024823109703) D14 D19
error(0.00013338669987616075555611483416385) D14 D19 ^ D12
error(6.669779853440971351119515020400286e-05) D14 D19 ^ D15
error(0.0004666977902291165390506744170551201) D14 D19 ^ D20
error(6.669779853440971351119515020400286e-05) D14 D19 ^ D20 ^ D15
error(0.0002667378157289137965806069541230272) D14 D21
error(0.0002667378157289137965806069541230272) D14 D21 ^ D15 D20
error(0.0002000667052120994558999517165531756) D14 D38
error(0.00013338669987616075555611483416385) D14 D38 ^ D15 D20
error(6.669779853440971351119515020400286e-05) D14 D38 ^ D20
error(6.669779853440971351119515020400286e-05) D14 D38 ^ D20 ^ D36
error(6.669779853440971351119515020400286e-05) D14 D38 ^ D36
error(0.0002000667052120994558999517165531756) D14 D43
error(0.0002000667052120994558999517165531756) D14 D43 ^ D20
error(6.669779853440971351119515020400286e-05) D14 D43 ^ D20 ^ D36
error(6.669779853440971351119515020400286e-05) D14 D43 ^ D36
error(0.000932959966803423475234513517762025) D14 L0
error(0.0002667378157289137965806069541230272) D14 L0 ^ D2 L0
error(6.669779853440971351119515020400286e-05) D14 L0 ^ D6 L0
error(6.669779853440971351119515020400286e-05) D14 L0 ^ D13
error(6.669779853440971351119515020400286e-05) D14 L0 ^ D13 ^ D6 L0
error(0.002395701190099388568077731775929351) D15
error(0.0004000533570511300221483885763973376) D15 D20
error(6.669779853440971351119515020400286e-05) D15 D20 ^ D14 L0
error(6.669779853440971351119515020400286e-05) D15 D20 ^ D16 D21
error(6.669779853440971351119515020400286e-05) D15 D20 ^ D16 D38
error(0.0002000667052120994558999517165531756) D15 D20 ^ D21 D38
error(6.669779853440971351119515020400286e-05) D15 D20 ^ D38 L0
error(6.669779853440971351119515020400286e-05) D15 D20 ^ D38 L0 ^ D14 L0
error(0.00013338669987616075555611483416385) D15 D22
error(0.00013338669987616075555611483416385) D15 D22 ^ D16 D21
error(0.0003334000326131335203289074442523088) D15 D36
error(0.0002000667052120994558999517165531756) D15 D36 ^ D14 L0
error(0.0002000667052120994558999517165531756) D15 D36 ^ D38 L0
error(6.669779853440971351119515020400286e-05) D15 D36 ^ D38 L0 ^ D14 L0
error(0.0002000667052120994558999517165531756) D15 D37
error(0.0002000667052120994558999517165531756) D15 D37 ^ D16 L0
error(6.669779853440971351119515020400286e-05) D15 D37 ^ D38 L0
error(6.669779853440971351119515020400286e-05) D15 D37 ^ D38 L0 ^ D16 L0
error(0.001731431703749411465942387167160632) D15 D39
error(0.0002000667052120994558999517165531756) D15 D39 ^ D16 D21
error(6.669779853440971351119515020400286e-05) D15 D39 ^ D16 D38
error(6.669779853440971351119515020400286e-05) D15 D39 ^ D16 L0
error(6.669779853440971351119515020400286e-05) D15 D39 ^ D21 D38
error(0.0002000667052120994558999517165531756) D15 D39 ^ D38 L0
error(6.669779853440971351119515020400286e-05) D15 D39 ^ D38 L0 ^ D16 L0
error(6.669779853440971351119515020400286e-05) D15 ^ D6 L0
error(0.00013338669987616075555611483416385) D15 ^ D12
error(0.00013338669987616075555611483416385) D15 ^ D12 ^ D14 L0
error(0.00013338669987616075555611483416385) D15 ^ D13
error(6.669779853440971351119515020400286e-05) D15 ^ D13 ^ D6 L0
error(0.0002000667052120994558999517165531756) D15 ^ D14 L0
error(6.669779853440971351119515020400286e-05) D15 ^ D14 L0 ^ D6 L0
error(6.669779853440971351119515020400286e-05) D15 ^ D14 L0 ^ D13
error(6.669779853440971351119515020400286e-05) D15 ^ D14 L0 ^ D13 ^ D6 L0
error(0.0005333333333331479603200975248000759) D16 D21
error(6.669779853440971351119515020400286e-05) D16 D21 ^ D13
error(0.0002000667052120994558999517165531756) D16 D21 ^ D15
error(6.669779853440971351119515020400286e-05) D16 D21 ^ D15 ^ D13
error(6.669779853440971351119515020400286e-05) D16 D21 ^ D17
error(6.669779853440971351119515020400286e-05) D16 D21 ^ D20 D39
error(0.0002000667052120994558999517165531756) D16 D21 ^ D22
error(6.669779853440971351119515020400286e-05) D16 D21 ^ D22 D25
error(0.0002000667052120994558999517165531756) D16 D21 ^ D22 D39
error(0.00013338669987616075555611483416385) D16 D21 ^ D22 ^ D15
error(6.669779853440971351119515020400286e-05) D16 D21 ^ D22 ^ D17
error(6.669779853440971351119515020400286e-05) D16 D21 ^ D25 D39
error(0.0002667378157289137965806069541230272) D16 D23
error(0.0002667378157289137965806069541230272) D16 D23 ^ D17 D22
error(6.669779853440971351119515020400286e-05) D16 D38
error(6.669779853440971351119515020400286e-05) D16 D38 ^ D20 D39
error(0.0002000667052120994558999517165531756) D16 D40
error(0.00013338669987616075555611483416385) D16 D40 ^ D17 D22
error(6.669779853440971351119515020400286e-05) D16 D40 ^ D22 D37
error(6.669779853440971351119515020400286e-05) D16 D40 ^ D22 D39
error(6.669779853440971351119515020400286e-05) D16 D40 ^ D37 D39
error(0.00013338669987616075555611483416385) D16 D45
error(6.669779853440971351119515020400286e-05) D16 D45 ^ D22 D25
error(6.669779853440971351119515020400286e-05) D16 D45 ^ D22 D37
error(0.00013338669987616075555611483416385) D16 D45 ^ D22 D39
error(6.669779853440971351119515020400286e-05) D16 D45 ^ D25 D39
error(6.669779853440971351119515020400286e-05) D16 D45 ^ D37 D39
error(0.001066097777777407374505402870568105) D16 L0
error(0.0002667378157289137965806069541230272) D16 L0 ^ D6 L0
error(0.00013338669987616075555611483416385) D16 L0 ^ D10 L0
error(0.002727503769002701840273861222385676) D17
error(0.0004000533570511300221483885763973376) D17 D22
error(6.669779853440971351119515020400286e-05) D17 D22 ^ D16 L0
error(6.669779853440971351119515020400286e-05) D17 D22 ^ D18 D23
error(6.669779853440971351119515020400286e-05) D17 D22 ^ D18 D40
error(0.0002000667052120994558999517165531756) D17 D22 ^ D23 D40
error(6.669779853440971351119515020400286e-05) D17 D22 ^ D40 L0
error(6.669779853440971351119515020400286e-05) D17 D22 ^ D40 L0 ^ D16 L0
error(0.0003334000326131335203289074442523088) D17 D37
error(0.0002000667052120994558999517165531756) D17 D37 ^ D16 L0
error(0.0002000667052120994558999517165531756) D17 D37 ^ D40 L0
error(6.669779853440971351119515020400286e-05) D17 D37 ^ D40 L0 ^ D16 L0
error(0.001531977994116792696210893609531922) D17 D41
error(6.669779853440971351119515020400286e-05) D17 D41 ^ D18 D23
error(6.669779853440971351119515020400286e-05) D17 D41 ^ D18 D40
error(6.669779853440971351119515020400286e-05) D17 D41 ^ D23 D40
error(0.00013338669987616075555611483416385) D17 D41 ^ D40 L0
error(0.0002667378157289137965806069541230272) D17 ^ D10 L0
error(0.00013338669987616075555611483416385) D17 ^ D13
error(0.00013338669987616075555611483416385) D17 ^ D13 ^ D16 L0
error(0.0002667378157289137965806069541230272) D17 ^ D16 L0
error(0.00013338669987616075555611483416385) D17 ^ D16 L0 ^ D10 L0
error(0.0002000667052120994558999517165531756) D17 ^ D18 L0
error(0.00013338669987616075555611483416385) D17 ^ D18 L0 ^ D10 L0
error(0.0004000533570511300221483885763973376) D18 D23
error(0.0002667378157289137965806069541230272) D18 D23 ^ D17
error(6.669779853440971351119515020400286e-05) D18 D23 ^ D22 D41
error(6.669779853440971351119515020400286e-05) D18 D23 ^ D27
error(0.0002000667052120994558999517165531756) D18 D23 ^ D41
error(0.00013338669987616075555611483416385) D18 D23 ^ D41 ^ D17
error(6.669779853440971351119515020400286e-05) D18 D23 ^ D41 ^ D27
error(6.669779853440971351119515020400286e-05) D18 D40
error(6.669779853440971351119515020400286e-05) D18 D40 ^ D22 D41
error(0.00013338669987616075555611483416385) D18 D42
error(0.00013338669987616075555611483416385) D18 D42 ^ D41
error(0.0002000667052120994558999517165531756) D18 D47
error(6.669779853440971351119515020400286e-05) D18 D47 ^ D27
error(0.0002000667052120994558999517165531756) D18 D47 ^ D41
error(6.669779853440971351119515020400286e-05) D18 D47 ^ D41 ^ D27
error(0.0003334000326131335203289074442523088) D18 L0
error(0.00013338669987616075555611483416385) D18 L0 ^ D10 L0
error(0.0002667378157289137965806069541230272) D19 D24
error(0.0002667378157289137965806069541230272) D19 D24 ^ D20
error(0.0002667378157289137965806069541230272) D19 D43
error(0.0002667378157289137965806069541230272) D19 D43 ^ D20
error(0.00319165571926814791922644154453792) D20
error(0.00013338669987616075555611483416385) D20 D25
error(0.00013338669987616075555611483416385) D20 D25 ^ D21 D24
error(6.669779853440971351119515020400286e-05) D20 D36
error(6.669779853440971351119515020400286e-05) D20 D36 ^ D14 L0
error(6.669779853440971351119515020400286e-05) D20 D36 ^ D38 L0
error(6.669779853440971351119515020400286e-05) D20 D36 ^ D38 L0 ^ D14 L0
error(0.00013338669987616075555611483416385) D20 D39
error(0.00013338669987616075555611483416385) D20 D39 ^ D21 D38
error(6.669779853440971351119515020400286e-05) D20 D39 ^ D21 D43
error(6.669779853440971351119515020400286e-05) D20 D39 ^ D38 D43
error(0.001531977994116792696210893609531922) D20 D44
error(0.00013338669987616075555611483416385) D20 D44 ^ D21 D24
error(6.669779853440971351119515020400286e-05) D20 D44 ^ D21 D38
error(6.669779853440971351119515020400286e-05) D20 D44 ^ D21 D43
error(6.669779853440971351119515020400286e-05) D20 D44 ^ D38 D43
error(0.00013338669987616075555611483416385) D20 ^ D15
error(6.669779853440971351119515020400286e-05) D20 ^ D36
error(0.0005333333333331479603200975248000759) D21 D24
error(6.669779853440971351119515020400286e-05) D21 D24 ^ D15
error(0.0002667378157289137965806069541230272) D21 D24 ^ D20
error(6.669779853440971351119515020400286e-05) D21 D24 ^ D20 ^ D15
error(6.669779853440971351119515020400286e-05) D21 D24 ^ D22
error(0.0002000667052120994558999517165531756) D21 D24 ^ D25
error(6.669779853440971351119515020400286e-05) D21 D24 ^ D25 D30
error(0.0002000667052120994558999517165531756) D21 D24 ^ D25 D44
error(0.00013338669987616075555611483416385) D21 D24 ^ D25 ^ D20
error(6.669779853440971351119515020400286e-05) D21 D24 ^ D25 ^ D22
error(6.669779853440971351119515020400286e-05) D21 D24 ^ D30 D44
error(6.669779853440971351119515020400286e-05) D21 D24 ^ D44
error(6.669779853440971351119515020400286e-05) D21 D24 ^ D44 ^ D20
error(0.0002667378157289137965806069541230272) D21 D26
error(0.0002667378157289137965806069541230272) D21 D26 ^ D22 D25
error(0.0004000533570511300221483885763973376) D21 D38
error(0.0002000667052120994558999517165531756) D21 D38 ^ D39 D44
error(0.00013338669987616075555611483416385) D21 D43
error(6.669779853440971351119515020400286e-05) D21 D43 ^ D20
error(6.669779853440971351119515020400286e-05) D21 D43 ^ D39 D44
error(6.669779853440971351119515020400286e-05) D21 D43 ^ D44
error(6.669779853440971351119515020400286e-05) D21 D43 ^ D44 ^ D20
error(0.0004000533570511300221483885763973376) D21 D45
error(0.0002000667052120994558999517165531756) D21 D45 ^ D22 D25
error(6.669779853440971351119515020400286e-05) D21 D45 ^ D22 D39
error(0.00013338669987616075555611483416385) D21 D45 ^ D25 D39
error(6.669779853440971351119515020400286e-05) D21 D45 ^ D25 D44
error(0.0002000667052120994558999517165531756) D21 D45 ^ D39 D44
error(0.00013338669987616075555611483416385) D21 D48
error(6.669779853440971351119515020400286e-05) D21 D48 ^ D25 D30
error(6.669779853440971351119515020400286e-05) D21 D48 ^ D25 D39
error(0.00013338669987616075555611483416385) D21 D48 ^ D25 D44
error(6.669779853440971351119515020400286e-05) D21 D48 ^ D30 D44
error(6.669779853440971351119515020400286e-05) D21 D48 ^ D39 D44
error(0.002395701190099388568077731775929351) D22
error(0.0004000533570511300221483885763973376) D22 D25
error(6.669779853440971351119515020400286e-05) D22 D25 ^ D23 D26
error(6.669779853440971351119515020400286e-05) D22 D25 ^ D23 D45
error(0.0002000667052120994558999517165531756) D22 D25 ^ D26 D45
error(0.00013338669987616075555611483416385) D22 D27
error(0.00013338669987616075555611483416385) D22 D27 ^ D23 D26
error(0.00013338669987616075555611483416385) D22 D37
error(6.669779853440971351119515020400286e-05) D22 D37 ^ D16 L0
error(6.669779853440971351119515020400286e-05) D22 D37 ^ D40 D45
error(6.669779853440971351119515020400286e-05) D22 D37 ^ D40 L0
error(6.669779853440971351119515020400286e-05) D22 D37 ^ D40 L0 ^ D16 L0
error(0.0004000533570511300221483885763973376) D22 D39
error(0.0002000667052120994558999517165531756) D22 D39 ^ D40 D45
error(0.00013338669987616075555611483416385) D22 D41
error(0.00013338669987616075555611483416385) D22 D41 ^ D23 D40
error(6.669779853440971351119515020400286e-05) D22 D41 ^ D23 D45
error(6.669779853440971351119515020400286e-05) D22 D41 ^ D40 D45
error(0.001731431703749411465942387167160632) D22 D46
error(0.0002000667052120994558999517165531756) D22 D46 ^ D23 D26
error(6.669779853440971351119515020400286e-05) D22 D46 ^ D23 D40
error(0.00013338669987616075555611483416385) D22 D46 ^ D23 D45
error(6.669779853440971351119515020400286e-05) D22 D46 ^ D26 D45
error(0.0002000667052120994558999517165531756) D22 D46 ^ D40 D45
error(0.00013338669987616075555611483416385) D22 ^ D15
error(0.00013338669987616075555611483416385) D22 ^ D17
error(0.000599959987549120990144024823109703) D23 D26
error(6.669779853440971351119515020400286e-05) D23 D26 ^ D17
error(0.0002000667052120994558999517165531756) D23 D26 ^ D22
error(6.669779853440971351119515020400286e-05) D23 D26 ^ D22 ^ D17
error(6.669779853440971351119515020400286e-05) D23 D26 ^ D25 D46
error(0.0002667378157289137965806069541230272) D23 D26 ^ D27
error(6.669779853440971351119515020400286e-05) D23 D26 ^ D27 D32
error(0.0002000667052120994558999517165531756) D23 D26 ^ D27 D46
error(0.00013338669987616075555611483416385) D23 D26 ^ D27 ^ D22
error(6.669779853440971351119515020400286e-05) D23 D26 ^ D32 D46
error(0.0002667378157289137965806069541230272) D23 D28
error(0.0002667378157289137965806069541230272) D23 D28 ^ D27
error(0.0004000533570511300221483885763973376) D23 D40
error(0.0002000667052120994558999517165531756) D23 D40 ^ D41 D46
error(0.00013338669987616075555611483416385) D23 D45
error(6.669779853440971351119515020400286e-05) D23 D45 ^ D25 D46
error(6.669779853440971351119515020400286e-05) D23 D45 ^ D41 D46
error(0.0004000533570511300221483885763973376) D23 D47
error(0.0002000667052120994558999517165531756) D23 D47 ^ D27
error(6.669779853440971351119515020400286e-05) D23 D47 ^ D27 D41
error(6.669779853440971351119515020400286e-05) D23 D47 ^ D27 D46
error(6.669779853440971351119515020400286e-05) D23 D47 ^ D41
error(0.0002000667052120994558999517165531756) D23 D47 ^ D41 D46
error(6.669779853440971351119515020400286e-05) D23 D47 ^ D41 ^ D27
error(0.00013338669987616075555611483416385) D23 D50
error(6.669779853440971351119515020400286e-05) D23 D50 ^ D27 D32
error(6.669779853440971351119515020400286e-05) D23 D50 ^ D27 D41
error(0.00013338669987616075555611483416385) D23 D50 ^ D27 D46
error(6.669779853440971351119515020400286e-05) D23 D50 ^ D32 D46
error(6.669779853440971351119515020400286e-05) D23 D50 ^ D41 D46
error(0.000599959987549120990144024823109703) D24 D29
error(0.00013338669987616075555611483416385) D24 D29 ^ D20
error(6.669779853440971351119515020400286e-05) D24 D29 ^ D25
error(0.0004666977902291165390506744170551201) D24 D29 ^ D30
error(6.669779853440971351119515020400286e-05) D24 D29 ^ D30 ^ D25
error(0.0002667378157289137965806069541230272) D24 D31
error(0.0002667378157289137965806069541230272) D24 D31 ^ D25 D30
error(0.0003334000326131335203289074442523088) D24 D43
error(0.0002000667052120994558999517165531756) D24 D43 ^ D20
error(0.0002000667052120994558999517165531756) D24 D43 ^ D44
error(6.669779853440971351119515020400286e-05) D24 D43 ^ D44 ^ D20
error(0.0004000533570511300221483885763973376) D24 D48
error(0.0002000667052120994558999517165531756) D24 D48 ^ D25 D30
error(6.669779853440971351119515020400286e-05) D24 D48 ^ D25 D44
error(6.669779853440971351119515020400286e-05) D24 D48 ^ D30
error(6.669779853440971351119515020400286e-05) D24 D48 ^ D30 D44
error(6.669779853440971351119515020400286e-05) D24 D48 ^ D30 ^ D44
error(0.0002000667052120994558999517165531756) D24 D48 ^ D44
error(0.0002000667052120994558999517165531756) D24 D53
error(0.0002000667052120994558999517165531756) D24 D53 ^ D30
error(6.669779853440971351119515020400286e-05) D24 D53 ^ D30 ^ D44
error(6.669779853440971351119515020400286e-05) D24 D53 ^ D44
error(0.002395701190099388568077731775929351) D25
error(0.0004000533570511300221483885763973376) D25 D30
error(6.669779853440971351119515020400286e-05) D25 D30 ^ D26 D31
error(6.669779853440971351119515020400286e-05) D25 D30 ^ D26 D48
error(0.0002000667052120994558999517165531756) D25 D30 ^ D31 D48
error(0.00013338669987616075555611483416385) D25 D32
error(0.00013338669987616075555611483416385) D25 D32 ^ D26 D31
error(0.00013338669987616075555611483416385) D25 D39
error(6.669779853440971351119515020400286e-05) D25 D39 ^ D45 D48
error(0.0004000533570511300221483885763973376) D25 D44
error(0.0002000667052120994558999517165531756) D25 D44 ^ D45 D48
error(0.00013338669987616075555611483416385) D25 D46
error(0.00013338669987616075555611483416385) D25 D46 ^ D26 D45
error(6.669779853440971351119515020400286e-05) D25 D46 ^ D26 D48
error(6.669779853440971351119515020400286e-05) D25 D46 ^ D45 D48
error(0.001731431703749411465942387167160632) D25 D49
error(0.0002000667052120994558999517165531756) D25 D49 ^ D26 D31
error(6.669779853440971351119515020400286e-05) D25 D49 ^ D26 D45
error(0.00013338669987616075555611483416385) D25 D49 ^ D26 D48
error(6.669779853440971351119515020400286e-05) D25 D49 ^ D31 D48
error(0.0002000667052120994558999517165531756) D25 D49 ^ D45 D48
error(6.669779853440971351119515020400286e-05) D25 ^ D5
error(0.00013338669987616075555611483416385) D25 ^ D20
error(0.00013338669987616075555611483416385) D25 ^ D22
error(0.0005333333333331479603200975248000759) D26 D31
error(6.669779853440971351119515020400286e-05) D26 D31 ^ D22
error(0.0002000667052120994558999517165531756) D26 D31 ^ D25
error(6.669779853440971351119515020400286e-05) D26 D31 ^ D25 ^ D22
error(6.669779853440971351119515020400286e-05) D26 D31 ^ D27
error(6.669779853440971351119515020400286e-05) D26 D31 ^ D30 D49
error(0.0002000667052120994558999517165531756) D26 D31 ^ D32
error(6.669779853440971351119515020400286e-05) D26 D31 ^ D32 D34
error(0.0002000667052120994558999517165531756) D26 D31 ^ D32 D49
error(0.00013338669987616075555611483416385) D26 D31 ^ D32 ^ D25
error(6.669779853440971351119515020400286e-05) D26 D31 ^ D32 ^ D27
error(6.669779853440971351119515020400286e-05) D26 D31 ^ D34 D49
error(0.0002667378157289137965806069541230272) D26 D33
error(0.0002667378157289137965806069541230272) D26 D33 ^ D27 D32
error(0.0004000533570511300221483885763973376) D26 D45
error(0.0002000667052120994558999517165531756) D26 D45 ^ D46 D49
error(0.00013338669987616075555611483416385) D26 D48
error(6.669779853440971351119515020400286e-05) D26 D48 ^ D30 D49
error(6.669779853440971351119515020400286e-05) D26 D48 ^ D46 D49
error(0.0004000533570511300221483885763973376) D26 D50
error(0.0002000667052120994558999517165531756) D26 D50 ^ D27 D32
error(6.669779853440971351119515020400286e-05) D26 D50 ^ D27 D46
error(0.00013338669987616075555611483416385) D26 D50 ^ D32 D46
error(6.669779853440971351119515020400286e-05) D26 D50 ^ D32 D49
error(0.0002000667052120994558999517165531756) D26 D50 ^ D46 D49
error(0.00013338669987616075555611483416385) D26 D55
error(6.669779853440971351119515020400286e-05) D26 D55 ^ D32 D34
error(6.669779853440971351119515020400286e-05) D26 D55 ^ D32 D46
error(0.00013338669987616075555611483416385) D26 D55 ^ D32 D49
error(6.669779853440971351119515020400286e-05) D26 D55 ^ D34 D49
error(6.669779853440971351119515020400286e-05) D26 D55 ^ D46 D49
error(0.002926479108829764703980647055914233) D27
error(0.0004000533570511300221483885763973376) D27 D32
error(6.669779853440971351119515020400286e-05) D27 D32 ^ D28 D33
error(6.669779853440971351119515020400286e-05) D27 D32 ^ D28 D50
error(0.0002000667052120994558999517165531756) D27 D32 ^ D33 D50
error(6.669779853440971351119515020400286e-05) D27 D41
error(6.669779853440971351119515020400286e-05) D27 D41 ^ D47 D50
error(0.0004000533570511300221483885763973376) D27 D46
error(0.0002000667052120994558999517165531756) D27 D46 ^ D47 D50
error(0.001531977994116792696210893609531922) D27 D51
error(6.669779853440971351119515020400286e-05) D27 D51 ^ D28 D33
error(6.669779853440971351119515020400286e-05) D27 D51 ^ D28 D50
error(6.669779853440971351119515020400286e-05) D27 D51 ^ D33 D50
error(0.00013338669987616075555611483416385) D27 D51 ^ D47 D50
error(6.669779853440971351119515020400286e-05) D27 ^ D9
error(0.00013338669987616075555611483416385) D27 ^ D22
error(0.0004000533570511300221483885763973376) D28 D33
error(0.0002667378157289137965806069541230272) D28 D33 ^ D27
error(6.669779853440971351119515020400286e-05) D28 D33 ^ D32 D51
error(6.669779853440971351119515020400286e-05) D28 D33 ^ D35
error(0.0002000667052120994558999517165531756) D28 D33 ^ D51
error(0.00013338669987616075555611483416385) D28 D33 ^ D51 ^ D27
error(6.669779853440971351119515020400286e-05) D28 D33 ^ D51 ^ D35
error(0.0003334000326131335203289074442523088) D28 D47
error(0.0002000667052120994558999517165531756) D28 D47 ^ D27
error(0.0002000667052120994558999517165531756) D28 D47 ^ D51
error(6.669779853440971351119515020400286e-05) D28 D47 ^ D51 ^ D27
error(0.00013338669987616075555611483416385) D28 D50
error(6.669779853440971351119515020400286e-05) D28 D50 ^ D27
error(6.669779853440971351119515020400286e-05) D28 D50 ^ D32 D51
error(6.669779853440971351119515020400286e-05) D28 D50 ^ D51
error(6.669779853440971351119515020400286e-05) D28 D50 ^ D51 ^ D27
error(0.0002667378157289137965806069541230272) D28 D52
error(0.0002667378157289137965806069541230272) D28 D52 ^ D51
error(0.0002000667052120994558999517165531756) D28 D57
error(6.669779853440971351119515020400286e-05) D28 D57 ^ D35
error(0.0002000667052120994558999517165531756) D28 D57 ^ D51
error(6.669779853440971351119515020400286e-05) D28 D57 ^ D51 ^ D35
error(0.0005333333333331479603200975248000759) D29
error(0.00013338669987616075555611483416385) D29 D53
error(0.00013338669987616075555611483416385) D29 D53 ^ D30
error(0.0002667378157289137965806069541230272) D29 ^ D1
error(0.00013338669987616075555611483416385) D29 ^ D5
error(0.002793837730543337598970721202817913) D30
error(0.00013338669987616075555611483416385) D30 D34
error(0.00013338669987616075555611483416385) D30 D34 ^ D31
error(6.669779853440971351119515020400286e-05) D30 D44
error(0.00013338669987616075555611483416385) D30 D49
error(0.00013338669987616075555611483416385) D30 D49 ^ D31 D48
error(6.669779853440971351119515020400286e-05) D30 D49 ^ D31 D53
error(6.669779853440971351119515020400286e-05) D30 D49 ^ D48 D53
error(0.001531977994116792696210893609531922) D30 D54
error(0.00013338669987616075555611483416385) D30 D54 ^ D31
error(6.669779853440971351119515020400286e-05) D30 D54 ^ D31 D48
error(6.669779853440971351119515020400286e-05) D30 D54 ^ D31 D53
error(6.669779853440971351119515020400286e-05) D30 D54 ^ D48 D53
error(0.0004666977902291165390506744170551201) D30 ^ D5
error(0.00013338669987616075555611483416385) D30 ^ D25
error(6.669779853440971351119515020400286e-05) D30 ^ D25 ^ D5
error(0.0002667378157289137965806069541230272) D30 ^ D29
error(0.00013338669987616075555611483416385) D30 ^ D29 ^ D5
error(0.0002667378157289137965806069541230272) D30 ^ D31
error(6.669779853440971351119515020400286e-05) D30 ^ D31 ^ D5
error(6.669779853440971351119515020400286e-05) D30 ^ D31 ^ D25
error(6.669779853440971351119515020400286e-05) D30 ^ D31 ^ D25 ^ D5
error(6.669779853440971351119515020400286e-05) D30 ^ D44
error(0.0002000667052120994558999517165531756) D30 ^ D53
error(0.00013338669987616075555611483416385) D30 ^ D53 ^ D29
error(6.669779853440971351119515020400286e-05) D30 ^ D53 ^ D31
error(0.001132653363562216748683386668972162) D31
error(0.0004000533570511300221483885763973376) D31 D48
error(0.0002000667052120994558999517165531756) D31 D48 ^ D49 D54
error(6.669779853440971351119515020400286e-05) D31 D53
error(6.669779853440971351119515020400286e-05) D31 D53 ^ D49 D54
error(0.0002000667052120994558999517165531756) D31 D55
error(6.669779853440971351119515020400286e-05) D31 D55 ^ D32 D34
error(6.669779853440971351119515020400286e-05) D31 D55 ^ D32 D49
error(6.669779853440971351119515020400286e-05) D31 D55 ^ D34 D49
error(0.00013338669987616075555611483416385) D31 D55 ^ D49 D54
error(0.0003334000326131335203289074442523088) D31 ^ D5
error(0.00013338669987616075555611483416385) D31 ^ D9
error(6.669779853440971351119515020400286e-05) D31 ^ D25
error(6.669779853440971351119515020400286e-05) D31 ^ D25 ^ D5
error(0.00013338669987616075555611483416385) D31 ^ D32
error(0.002262918176598560475454302576281407) D32
error(0.0002667378157289137965806069541230272) D32 D34
error(0.00013338669987616075555611483416385) D32 D34 ^ D31
error(6.669779853440971351119515020400286e-05) D32 D34 ^ D33
error(0.0002000667052120994558999517165531756) D32 D34 ^ D55
error(0.00013338669987616075555611483416385) D32 D34 ^ D55 ^ D31
error(6.669779853440971351119515020400286e-05) D32 D34 ^ D55 ^ D33
error(0.00013338669987616075555611483416385) D32 D35
error(0.00013338669987616075555611483416385) D32 D35 ^ D33
error(0.00013338669987616075555611483416385) D32 D46
error(6.669779853440971351119515020400286e-05) D32 D46 ^ D50 D55
error(0.0004000533570511300221483885763973376) D32 D49
error(0.0002000667052120994558999517165531756) D32 D49 ^ D50 D55
error(0.00013338669987616075555611483416385) D32 D51
error(0.00013338669987616075555611483416385) D32 D51 ^ D33 D50
error(6.669779853440971351119515020400286e-05) D32 D51 ^ D33 D55
error(6.669779853440971351119515020400286e-05) D32 D51 ^ D50 D55
error(0.001731431703749411465942387167160632) D32 D56
error(0.0002000667052120994558999517165531756) D32 D56 ^ D33
error(6.669779853440971351119515020400286e-05) D32 D56 ^ D33 D50
error(6.669779853440971351119515020400286e-05) D32 D56 ^ D33 D55
error(0.0002000667052120994558999517165531756) D32 D56 ^ D50 D55
error(6.669779853440971351119515020400286e-05) D32 D56 ^ D55
error(6.669779853440971351119515020400286e-05) D32 D56 ^ D55 ^ D33
error(0.0004666977902291165390506744170551201) D32 ^ D9
error(0.00013338669987616075555611483416385) D32 ^ D25
error(0.00013338669987616075555611483416385) D32 ^ D27
error(6.669779853440971351119515020400286e-05) D32 ^ D27 ^ D9
error(0.00013338669987616075555611483416385) D32 ^ D31
error(0.00013338669987616075555611483416385) D32 ^ D31 ^ D9
error(0.0002000667052120994558999517165531756) D32 ^ D33
error(6.669779853440971351119515020400286e-05) D32 ^ D33 ^ D9
error(6.669779853440971351119515020400286e-05) D32 ^ D33 ^ D27
error(6.669779853440971351119515020400286e-05) D32 ^ D33 ^ D27 ^ D9
error(0.001132653363562216748683386668972162) D33
error(0.0004000533570511300221483885763973376) D33 D50
error(0.0002000667052120994558999517165531756) D33 D50 ^ D51 D56
error(6.669779853440971351119515020400286e-05) D33 D55
error(6.669779853440971351119515020400286e-05) D33 D55 ^ D51 D56
error(0.0002000667052120994558999517165531756) D33 D57
error(6.669779853440971351119515020400286e-05) D33 D57 ^ D35
error(6.669779853440971351119515020400286e-05) D33 D57 ^ D51
error(0.00013338669987616075555611483416385) D33 D57 ^ D51 D56
error(6.669779853440971351119515020400286e-05) D33 D57 ^ D51 ^ D35
error(0.0003334000326131335203289074442523088) D33 ^ D9
error(6.669779853440971351119515020400286e-05) D33 ^ D27
error(6.669779853440971351119515020400286e-05) D33 ^ D27 ^ D9
error(0.001598471433531980893938406751431103) D34
error(0.00013338669987616075555611483416385) D34 D49
error(6.669779853440971351119515020400286e-05) D34 D49 ^ D31
error(6.669779853440971351119515020400286e-05) D34 D49 ^ D55
error(6.669779853440971351119515020400286e-05) D34 D49 ^ D55 ^ D31
error(0.0003334000326131335203289074442523088) D34 D54
error(0.0002000667052120994558999517165531756) D34 D54 ^ D31
error(0.0002000667052120994558999517165531756) D34 D54 ^ D55
error(6.669779853440971351119515020400286e-05) D34 D54 ^ D55 ^ D31
error(0.0002000667052120994558999517165531756) D34 D56
error(6.669779853440971351119515020400286e-05) D34 D56 ^ D33
error(0.0002000667052120994558999517165531756) D34 D56 ^ D55
error(6.669779853440971351119515020400286e-05) D34 D56 ^ D55 ^ D33
error(0.001598471433531980893938406751431103) D34 D58
error(0.0002667378157289137965806069541230272) D34 D58 ^ D55
error(0.00013338669987616075555611483416385) D34 ^ D30
error(0.00013338669987616075555611483416385) D34 ^ D30 ^ D31
error(0.0002667378157289137965806069541230272) D34 ^ D31
error(0.00013338669987616075555611483416385) D34 ^ D31 ^ D32
error(0.00013338669987616075555611483416385) D34 ^ D32
error(0.00206367721758954998298452032656769) D35
error(6.669779853440971351119515020400286e-05) D35 D51
error(6.669779853440971351119515020400286e-05) D35 D51 ^ D33
error(6.669779853440971351119515020400286e-05) D35 D51 ^ D57
error(6.669779853440971351119515020400286e-05) D35 D51 ^ D57 ^ D33
error(0.0003334000326131335203289074442523088) D35 D56
error(0.0002000667052120994558999517165531756) D35 D56 ^ D33
error(0.0002000667052120994558999517165531756) D35 D56 ^ D57
error(6.669779853440971351119515020400286e-05) D35 D56 ^ D57 ^ D33
error(0.001465475683586184990625511659345648) D35 D59
error(0.00013338669987616075555611483416385) D35 D59 ^ D57
error(0.00013338669987616075555611483416385) D35 ^ D32
error(0.00013338669987616075555611483416385) D35 ^ D32 ^ D33
error(0.0005333333333331479603200975248000759) D35 ^ D33
error(0.00013338669987616075555611483416385) D35 ^ D57
error(0.00013338669987616075555611483416385) D35 ^ D57 ^ D33
error(0.0004666977902291165390506744170551201) D36
error(0.0002667378157289137965806069541230272) D36 D39
error(0.0002667378157289137965806069541230272) D36 D39 ^ D38 L0
error(0.001465475683586184990625511659345648) D36 D60
error(0.00013338669987616075555611483416385) D36 D60 ^ D38 L0
error(0.00013338669987616075555611483416385) D36 ^ D12
error(0.00013338669987616075555611483416385) D36 ^ D12 ^ D14 L0
error(0.0002667378157289137965806069541230272) D36 ^ D14 L0
error(0.0002667378157289137965806069541230272) D36 ^ D38 L0
error(0.00013338669987616075555611483416385) D36 ^ D38 L0 ^ D14 L0
error(0.0004000533570511300221483885763973376) D37 D39
error(0.0002000667052120994558999517165531756) D37 D39 ^ D16 L0
error(6.669779853440971351119515020400286e-05) D37 D39 ^ D38 L0
error(6.669779853440971351119515020400286e-05) D37 D39 ^ D38 L0 ^ D16 L0
error(6.669779853440971351119515020400286e-05) D37 D39 ^ D40 D45
error(0.0002667378157289137965806069541230272) D37 D39 ^ D40 L0
error(0.00013338669987616075555611483416385) D37 D39 ^ D40 L0 ^ D16 L0
error(0.0002667378157289137965806069541230272) D37 D41
error(0.0002667378157289137965806069541230272) D37 D41 ^ D40 L0
error(0.001598471433531980893938406751431103) D37 D61
error(0.0002667378157289137965806069541230272) D37 D61 ^ D40 L0
error(0.0004000533570511300221483885763973376) D38 D43
error(0.0002000667052120994558999517165531756) D38 D43 ^ D20
error(6.669779853440971351119515020400286e-05) D38 D43 ^ D20 ^ D36
error(6.669779853440971351119515020400286e-05) D38 D43 ^ D36
error(6.669779853440971351119515020400286e-05) D38 D43 ^ D39 D44
error(0.0002667378157289137965806069541230272) D38 D43 ^ D44
error(0.00013338669987616075555611483416385) D38 D43 ^ D44 ^ D20
error(0.0002667378157289137965806069541230272) D38 D45
error(0.0002667378157289137965806069541230272) D38 D45 ^ D39 D44
error(0.0002000667052120994558999517165531756) D38 D62
error(0.00013338669987616075555611483416385) D38 D62 ^ D39 D44
error(6.669779853440971351119515020400286e-05) D38 D62 ^ D44
error(6.669779853440971351119515020400286e-05) D38 D62 ^ D44 ^ D60
error(6.669779853440971351119515020400286e-05) D38 D62 ^ D60
error(0.0002000667052120994558999517165531756) D38 D67
error(0.0002000667052120994558999517165531756) D38 D67 ^ D44
error(6.669779853440971351119515020400286e-05) D38 D67 ^ D44 ^ D60
error(6.669779853440971351119515020400286e-05) D38 D67 ^ D60
error(0.0008663777392448274508596206544552842) D38 L0
error(0.0002000667052120994558999517165531756) D38 L0 ^ D14 L0
error(6.669779853440971351119515020400286e-05) D38 L0 ^ D16 L0
error(0.0005333333333331479603200975248000759) D39 D44
error(6.669779853440971351119515020400286e-05) D39 D44 ^ D38 L0
error(6.669779853440971351119515020400286e-05) D39 D44 ^ D40 D45
error(6.669779853440971351119515020400286e-05) D39 D44 ^ D40 D62
error(6.669779853440971351119515020400286e-05) D39 D44 ^ D45 D48
error(0.0002000667052120994558999517165531756) D39 D44 ^ D45 D62
error(6.669779853440971351119515020400286e-05) D39 D44 ^ D62 L0
error(6.669779853440971351119515020400286e-05) D39 D44 ^ D62 L0 ^ D38 L0
error(0.0002667378157289137965806069541230272) D39 D46
error(0.0002667378157289137965806069541230272) D39 D46 ^ D40 D45
error(0.0003334000326131335203289074442523088) D39 D60
error(0.0002000667052120994558999517165531756) D39 D60 ^ D38 L0
error(0.0002000667052120994558999517165531756) D39 D60 ^ D62 L0
error(6.669779853440971351119515020400286e-05) D39 D60 ^ D62 L0 ^ D38 L0
error(0.0002000667052120994558999517165531756) D39 D61
error(0.0002000667052120994558999517165531756) D39 D61 ^ D40 L0
error(6.669779853440971351119515020400286e-05) D39 D61 ^ D62 L0
error(6.669779853440971351119515020400286e-05) D39 D61 ^ D62 L0 ^ D40 L0
error(0.001731431703749411465942387167160632) D39 D63
error(0.0002000667052120994558999517165531756) D39 D63 ^ D40 D45
error(6.669779853440971351119515020400286e-05) D39 D63 ^ D40 D62
error(6.669779853440971351119515020400286e-05) D39 D63 ^ D40 L0
error(6.669779853440971351119515020400286e-05) D39 D63 ^ D45 D62
error(0.0002000667052120994558999517165531756) D39 D63 ^ D62 L0
error(6.669779853440971351119515020400286e-05) D39 D63 ^ D62 L0 ^ D40 L0
error(0.0005333333333331479603200975248000759) D40 D45
error(6.669779853440971351119515020400286e-05) D40 D45 ^ D41 D46
error(6.669779853440971351119515020400286e-05) D40 D45 ^ D44 D63
error(6.669779853440971351119515020400286e-05) D40 D45 ^ D46 D49
error(0.0002000667052120994558999517165531756) D40 D45 ^ D46 D63
error(6.669779853440971351119515020400286e-05) D40 D45 ^ D49 D63
error(0.0002667378157289137965806069541230272) D40 D47
error(0.0002667378157289137965806069541230272) D40 D47 ^ D41 D46
error(6.669779853440971351119515020400286e-05) D40 D62
error(6.669779853440971351119515020400286e-05) D40 D62 ^ D44 D63
error(0.0002000667052120994558999517165531756) D40 D64
error(0.00013338669987616075555611483416385) D40 D64 ^ D41 D46
error(6.669779853440971351119515020400286e-05) D40 D64 ^ D46 D61
error(6.669779853440971351119515020400286e-05) D40 D64 ^ D46 D63
error(6.669779853440971351119515020400286e-05) D40 D64 ^ D61 D63
error(0.00013338669987616075555611483416385) D40 D69
error(6.669779853440971351119515020400286e-05) D40 D69 ^ D46 D49
error(6.669779853440971351119515020400286e-05) D40 D69 ^ D46 D61
error(0.00013338669987616075555611483416385) D40 D69 ^ D46 D63
error(6.669779853440971351119515020400286e-05) D40 D69 ^ D49 D63
error(6.669779853440971351119515020400286e-05) D40 D69 ^ D61 D63
error(0.000932959966803423475234513517762025) D40 L0
error(0.0002000667052120994558999517165531756) D40 L0 ^ D16 L0
error(6.669779853440971351119515020400286e-05) D40 L0 ^ D17
error(6.669779853440971351119515020400286e-05) D40 L0 ^ D17 ^ D18 L0
error(6.669779853440971351119515020400286e-05) D40 L0 ^ D18 L0
error(6.669779853440971351119515020400286e-05) D40 L0 ^ D41
error(6.669779853440971351119515020400286e-05) D40 L0 ^ D41 ^ D17
error(6.669779853440971351119515020400286e-05) D40 L0 ^ D41 ^ D17 ^ D18 L0
error(6.669779853440971351119515020400286e-05) D40 L0 ^ D41 ^ D18 L0
error(0.000733186634059687820930140134123576) D41
error(0.0005333333333331479603200975248000759) D41 D46
error(6.669779853440971351119515020400286e-05) D41 D46 ^ D40 L0
error(6.669779853440971351119515020400286e-05) D41 D46 ^ D42 D47
error(6.669779853440971351119515020400286e-05) D41 D46 ^ D42 D64
error(6.669779853440971351119515020400286e-05) D41 D46 ^ D47 D50
error(0.0002000667052120994558999517165531756) D41 D46 ^ D47 D64
error(6.669779853440971351119515020400286e-05) D41 D46 ^ D64 L0
error(6.669779853440971351119515020400286e-05) D41 D46 ^ D64 L0 ^ D40 L0
error(0.0003334000326131335203289074442523088) D41 D61
error(0.0002000667052120994558999517165531756) D41 D61 ^ D40 L0
error(0.0002000667052120994558999517165531756) D41 D61 ^ D64 L0
error(6.669779853440971351119515020400286e-05) D41 D61 ^ D64 L0 ^ D40 L0
error(0.001531977994116792696210893609531922) D41 D65
error(6.669779853440971351119515020400286e-05) D41 D65 ^ D42 D47
error(6.669779853440971351119515020400286e-05) D41 D65 ^ D42 D64
error(6.669779853440971351119515020400286e-05) D41 D65 ^ D47 D64
error(0.00013338669987616075555611483416385) D41 D65 ^ D64 L0
error(0.0002000667052120994558999517165531756) D41 ^ D17
error(6.669779853440971351119515020400286e-05) D41 ^ D17 ^ D18 L0
error(0.0002000667052120994558999517165531756) D41 ^ D18 L0
error(6.669779853440971351119515020400286e-05) D41 ^ D27
error(0.0002000667052120994558999517165531756) D41 ^ D42 L0
error(0.00013338669987616075555611483416385) D41 ^ D42 L0 ^ D18 L0
error(0.0004000533570511300221483885763973376) D42 D47
error(0.0002667378157289137965806069541230272) D42 D47 ^ D41
error(6.669779853440971351119515020400286e-05) D42 D47 ^ D46 D65
error(6.669779853440971351119515020400286e-05) D42 D47 ^ D51
error(0.0002000667052120994558999517165531756) D42 D47 ^ D65
error(0.00013338669987616075555611483416385) D42 D47 ^ D65 ^ D41
error(6.669779853440971351119515020400286e-05) D42 D47 ^ D65 ^ D51
error(6.669779853440971351119515020400286e-05) D42 D64
error(6.669779853440971351119515020400286e-05) D42 D64 ^ D46 D65
error(0.00013338669987616075555611483416385) D42 D66
error(0.00013338669987616075555611483416385) D42 D66 ^ D65
error(0.0002000667052120994558999517165531756) D42 D71
error(6.669779853440971351119515020400286e-05) D42 D71 ^ D51
error(0.0002000667052120994558999517165531756) D42 D71 ^ D65
error(6.669779853440971351119515020400286e-05) D42 D71 ^ D65 ^ D51
error(0.0003334000326131335203289074442523088) D42 L0
error(0.00013338669987616075555611483416385) D42 L0 ^ D18 L0
error(0.0002667378157289137965806069541230272) D43 D48
error(0.0002667378157289137965806069541230272) D43 D48 ^ D44
error(0.0002667378157289137965806069541230272) D43 D67
error(0.0002667378157289137965806069541230272) D43 D67 ^ D44
error(0.000932959966803423475234513517762025) D44
error(0.0002667378157289137965806069541230272) D44 D49
error(0.0002667378157289137965806069541230272) D44 D49 ^ D45 D48
error(6.669779853440971351119515020400286e-05) D44 D60
error(6.669779853440971351119515020400286e-05) D44 D60 ^ D38 L0
error(6.669779853440971351119515020400286e-05) D44 D60 ^ D62 L0
error(6.669779853440971351119515020400286e-05) D44 D60 ^ D62 L0 ^ D38 L0
error(0.00013338669987616075555611483416385) D44 D63
error(0.00013338669987616075555611483416385) D44 D63 ^ D45 D62
error(6.669779853440971351119515020400286e-05) D44 D63 ^ D45 D67
error(6.669779853440971351119515020400286e-05) D44 D63 ^ D62 D67
error(0.001531977994116792696210893609531922) D44 D68
error(0.00013338669987616075555611483416385) D44 D68 ^ D45 D48
error(6.669779853440971351119515020400286e-05) D44 D68 ^ D45 D62
error(6.669779853440971351119515020400286e-05) D44 D68 ^ D45 D67
error(6.669779853440971351119515020400286e-05) D44 D68 ^ D62 D67
error(0.0002000667052120994558999517165531756) D44 ^ D20
error(6.669779853440971351119515020400286e-05) D44 ^ D60
error(0.0005333333333331479603200975248000759) D45 D48
error(6.669779853440971351119515020400286e-05) D45 D48 ^ D44
error(6.669779853440971351119515020400286e-05) D45 D48 ^ D46 D49
error(6.669779853440971351119515020400286e-05) D45 D48 ^ D49 D54
error(0.0002000667052120994558999517165531756) D45 D48 ^ D49 D68
error(6.669779853440971351119515020400286e-05) D45 D48 ^ D54 D68
error(6.669779853440971351119515020400286e-05) D45 D48 ^ D68
error(6.669779853440971351119515020400286e-05) D45 D48 ^ D68 ^ D44
error(0.0002667378157289137965806069541230272) D45 D50
error(0.0002667378157289137965806069541230272) D45 D50 ^ D46 D49
error(0.0004000533570511300221483885763973376) D45 D62
error(0.0002000667052120994558999517165531756) D45 D62 ^ D63 D68
error(0.00013338669987616075555611483416385) D45 D67
error(6.669779853440971351119515020400286e-05) D45 D67 ^ D44
error(6.669779853440971351119515020400286e-05) D45 D67 ^ D63 D68
error(6.669779853440971351119515020400286e-05) D45 D67 ^ D68
error(6.669779853440971351119515020400286e-05) D45 D67 ^ D68 ^ D44
error(0.0004000533570511300221483885763973376) D45 D69
error(0.0002000667052120994558999517165531756) D45 D69 ^ D46 D49
error(6.669779853440971351119515020400286e-05) D45 D69 ^ D46 D63
error(0.00013338669987616075555611483416385) D45 D69 ^ D49 D63
error(6.669779853440971351119515020400286e-05) D45 D69 ^ D49 D68
error(0.0002000667052120994558999517165531756) D45 D69 ^ D63 D68
error(0.00013338669987616075555611483416385) D45 D72
error(6.669779853440971351119515020400286e-05) D45 D72 ^ D49 D54
error(6.669779853440971351119515020400286e-05) D45 D72 ^ D49 D63
error(0.00013338669987616075555611483416385) D45 D72 ^ D49 D68
error(6.669779853440971351119515020400286e-05) D45 D72 ^ D54 D68
error(6.669779853440971351119515020400286e-05) D45 D72 ^ D63 D68
error(0.0005333333333331479603200975248000759) D46 D49
error(6.669779853440971351119515020400286e-05) D46 D49 ^ D47 D50
error(6.669779853440971351119515020400286e-05) D46 D49 ^ D47 D69
error(6.669779853440971351119515020400286e-05) D46 D49 ^ D50 D55
error(0.0002000667052120994558999517165531756) D46 D49 ^ D50 D69
error(0.0002667378157289137965806069541230272) D46 D51
error(0.0002667378157289137965806069541230272) D46 D51 ^ D47 D50
error(0.00013338669987616075555611483416385) D46 D61
error(6.669779853440971351119515020400286e-05) D46 D61 ^ D40 L0
error(6.669779853440971351119515020400286e-05) D46 D61 ^ D64 D69
error(6.669779853440971351119515020400286e-05) D46 D61 ^ D64 L0
error(6.669779853440971351119515020400286e-05) D46 D61 ^ D64 L0 ^ D40 L0
error(0.0004000533570511300221483885763973376) D46 D63
error(0.0002000667052120994558999517165531756) D46 D63 ^ D64 D69
error(0.00013338669987616075555611483416385) D46 D65
error(0.00013338669987616075555611483416385) D46 D65 ^ D47 D64
error(6.669779853440971351119515020400286e-05) D46 D65 ^ D47 D69
error(6.669779853440971351119515020400286e-05) D46 D65 ^ D64 D69
error(0.001731431703749411465942387167160632) D46 D70
error(0.0002000667052120994558999517165531756) D46 D70 ^ D47 D50
error(6.669779853440971351119515020400286e-05) D46 D70 ^ D47 D64
error(0.00013338669987616075555611483416385) D46 D70 ^ D47 D69
error(6.669779853440971351119515020400286e-05) D46 D70 ^ D50 D69
error(0.0002000667052120994558999517165531756) D46 D70 ^ D64 D69
error(0.0005333333333331479603200975248000759) D47 D50
error(6.669779853440971351119515020400286e-05) D47 D50 ^ D27
error(6.669779853440971351119515020400286e-05) D47 D50 ^ D49 D70
error(6.669779853440971351119515020400286e-05) D47 D50 ^ D51
error(6.669779853440971351119515020400286e-05) D47 D50 ^ D51 D56
error(0.0002000667052120994558999517165531756) D47 D50 ^ D51 D70
error(6.669779853440971351119515020400286e-05) D47 D50 ^ D51 ^ D27
error(6.669779853440971351119515020400286e-05) D47 D50 ^ D56 D70
error(0.0002667378157289137965806069541230272) D47 D52
error(0.0002667378157289137965806069541230272) D47 D52 ^ D51
error(0.0004000533570511300221483885763973376) D47 D64
error(0.0002000667052120994558999517165531756) D47 D64 ^ D65 D70
error(0.00013338669987616075555611483416385) D47 D69
error(6.669779853440971351119515020400286e-05) D47 D69 ^ D49 D70
error(6.669779853440971351119515020400286e-05) D47 D69 ^ D65 D70
error(0.0004000533570511300221483885763973376) D47 D71
error(0.0002000667052120994558999517165531756) D47 D71 ^ D51
error(6.669779853440971351119515020400286e-05) D47 D71 ^ D51 D65
error(6.669779853440971351119515020400286e-05) D47 D71 ^ D51 D70
error(6.669779853440971351119515020400286e-05) D47 D71 ^ D65
error(0.0002000667052120994558999517165531756) D47 D71 ^ D65 D70
error(6.669779853440971351119515020400286e-05) D47 D71 ^ D65 ^ D51
error(0.00013338669987616075555611483416385) D47 D74
error(6.669779853440971351119515020400286e-05) D47 D74 ^ D51 D56
error(6.669779853440971351119515020400286e-05) D47 D74 ^ D51 D65
error(0.00013338669987616075555611483416385) D47 D74 ^ D51 D70
error(6.669779853440971351119515020400286e-05) D47 D74 ^ D56 D70
error(6.669779853440971351119515020400286e-05) D47 D74 ^ D65 D70
error(0.0004000533570511300221483885763973376) D48 D53
error(0.0002000667052120994558999517165531756) D48 D53 ^ D30
error(6.669779853440971351119515020400286e-05) D48 D53 ^ D30 ^ D44
error(6.669779853440971351119515020400286e-05) D48 D53 ^ D44
error(6.669779853440971351119515020400286e-05) D48 D53 ^ D49 D54
error(0.0002667378157289137965806069541230272) D48 D53 ^ D54
error(0.00013338669987616075555611483416385) D48 D53 ^ D54 ^ D30
error(0.0002667378157289137965806069541230272) D48 D55
error(0.0002667378157289137965806069541230272) D48 D55 ^ D49 D54
error(0.0003334000326131335203289074442523088) D48 D67
error(0.0002000667052120994558999517165531756) D48 D67 ^ D44
error(0.0002000667052120994558999517165531756) D48 D67 ^ D68
error(6.669779853440971351119515020400286e-05) D48 D67 ^ D68 ^ D44
error(0.0004000533570511300221483885763973376) D48 D72
error(0.0002000667052120994558999517165531756) D48 D72 ^ D49 D54
error(6.669779853440971351119515020400286e-05) D48 D72 ^ D49 D68
error(6.669779853440971351119515020400286e-05) D48 D72 ^ D54
error(6.669779853440971351119515020400286e-05) D48 D72 ^ D54 D68
error(6.669779853440971351119515020400286e-05) D48 D72 ^ D54 ^ D68
error(0.0002000667052120994558999517165531756) D48 D72 ^ D68
error(0.0002000667052120994558999517165531756) D48 D77
error(0.0002000667052120994558999517165531756) D48 D77 ^ D54
error(6.669779853440971351119515020400286e-05) D48 D77 ^ D54 ^ D68
error(6.669779853440971351119515020400286e-05) D48 D77 ^ D68
error(0.0005333333333331479603200975248000759) D49 D54
error(6.669779853440971351119515020400286e-05) D49 D54 ^ D31
error(6.669779853440971351119515020400286e-05) D49 D54 ^ D50 D55
error(6.669779853440971351119515020400286e-05) D49 D54 ^ D50 D72
error(6.669779853440971351119515020400286e-05) D49 D54 ^ D55
error(0.0002000667052120994558999517165531756) D49 D54 ^ D55 D72
error(6.669779853440971351119515020400286e-05) D49 D54 ^ D55 ^ D31
error(0.0002667378157289137965806069541230272) D49 D56
error(0.0002667378157289137965806069541230272) D49 D56 ^ D50 D55
error(0.00013338669987616075555611483416385) D49 D63
error(6.669779853440971351119515020400286e-05) D49 D63 ^ D69 D72
error(0.0004000533570511300221483885763973376) D49 D68
error(0.0002000667052120994558999517165531756) D49 D68 ^ D69 D72
error(0.00013338669987616075555611483416385) D49 D70
error(0.00013338669987616075555611483416385) D49 D70 ^ D50 D69
error(6.669779853440971351119515020400286e-05) D49 D70 ^ D50 D72
error(6.669779853440971351119515020400286e-05) D49 D70 ^ D69 D72
error(0.001731431703749411465942387167160632) D49 D73
error(0.0002000667052120994558999517165531756) D49 D73 ^ D50 D55
error(6.669779853440971351119515020400286e-05) D49 D73 ^ D50 D69
error(0.00013338669987616075555611483416385) D49 D73 ^ D50 D72
error(6.669779853440971351119515020400286e-05) D49 D73 ^ D55 D72
error(0.0002000667052120994558999517165531756) D49 D73 ^ D69 D72
error(0.0005333333333331479603200975248000759) D50 D55
error(6.669779853440971351119515020400286e-05) D50 D55 ^ D51 D56
error(6.669779853440971351119515020400286e-05) D50 D55 ^ D54 D73
error(6.669779853440971351119515020400286e-05) D50 D55 ^ D56 D58
error(0.0002000667052120994558999517165531756) D50 D55 ^ D56 D73
error(6.669779853440971351119515020400286e-05) D50 D55 ^ D58 D73
error(0.0002667378157289137965806069541230272) D50 D57
error(0.0002667378157289137965806069541230272) D50 D57 ^ D51 D56
error(0.0004000533570511300221483885763973376) D50 D69
error(0.0002000667052120994558999517165531756) D50 D69 ^ D70 D73
error(0.00013338669987616075555611483416385) D50 D72
error(6.669779853440971351119515020400286e-05) D50 D72 ^ D54 D73
error(6.669779853440971351119515020400286e-05) D50 D72 ^ D70 D73
error(0.0004000533570511300221483885763973376) D50 D74
error(0.0002000667052120994558999517165531756) D50 D74 ^ D51 D56
error(6.669779853440971351119515020400286e-05) D50 D74 ^ D51 D70
error(0.00013338669987616075555611483416385) D50 D74 ^ D56 D70
error(6.669779853440971351119515020400286e-05) D50 D74 ^ D56 D73
error(0.0002000667052120994558999517165531756) D50 D74 ^ D70 D73
error(0.00013338669987616075555611483416385) D50 D79
error(6.669779853440971351119515020400286e-05) D50 D79 ^ D56 D58
error(6.669779853440971351119515020400286e-05) D50 D79 ^ D56 D70
error(0.00013338669987616075555611483416385) D50 D79 ^ D56 D73
error(6.669779853440971351119515020400286e-05) D50 D79 ^ D58 D73
error(6.669779853440971351119515020400286e-05) D50 D79 ^ D70 D73
error(0.000932959966803423475234513517762025) D51
error(0.0005333333333331479603200975248000759) D51 D56
error(6.669779853440971351119515020400286e-05) D51 D56 ^ D33
error(6.669779853440971351119515020400286e-05) D51 D56 ^ D52 D57
error(6.669779853440971351119515020400286e-05) D51 D56 ^ D52 D74
error(6.669779853440971351119515020400286e-05) D51 D56 ^ D57
error(0.0002000667052120994558999517165531756) D51 D56 ^ D57 D74
error(6.669779853440971351119515020400286e-05) D51 D56 ^ D57 ^ D33
error(6.669779853440971351119515020400286e-05) D51 D65
error(6.669779853440971351119515020400286e-05) D51 D65 ^ D71 D74
error(0.0004000533570511300221483885763973376) D51 D70
error(0.0002000667052120994558999517165531756) D51 D70 ^ D71 D74
error(0.001531977994116792696210893609531922) D51 D75
error(6.669779853440971351119515020400286e-05) D51 D75 ^ D52 D57
error(6.669779853440971351119515020400286e-05) D51 D75 ^ D52 D74
error(6.669779853440971351119515020400286e-05) D51 D75 ^ D57 D74
error(0.00013338669987616075555611483416385) D51 D75 ^ D71 D74
error(0.0002000667052120994558999517165531756) D51 ^ D27
error(6.669779853440971351119515020400286e-05) D51 ^ D35
error(0.0004000533570511300221483885763973376) D52 D57
error(0.0002667378157289137965806069541230272) D52 D57 ^ D51
error(6.669779853440971351119515020400286e-05) D52 D57 ^ D56 D75
error(6.669779853440971351119515020400286e-05) D52 D57 ^ D59
error(0.0002000667052120994558999517165531756) D52 D57 ^ D75
error(0.00013338669987616075555611483416385) D52 D57 ^ D75 ^ D51
error(6.669779853440971351119515020400286e-05) D52 D57 ^ D75 ^ D59
error(0.0003334000326131335203289074442523088) D52 D71
error(0.0002000667052120994558999517165531756) D52 D71 ^ D51
error(0.0002000667052120994558999517165531756) D52 D71 ^ D75
error(6.669779853440971351119515020400286e-05) D52 D71 ^ D75 ^ D51
error(0.00013338669987616075555611483416385) D52 D74
error(6.669779853440971351119515020400286e-05) D52 D74 ^ D51
error(6.669779853440971351119515020400286e-05) D52 D74 ^ D56 D75
error(6.669779853440971351119515020400286e-05) D52 D74 ^ D75
error(6.669779853440971351119515020400286e-05) D52 D74 ^ D75 ^ D51
error(0.0002667378157289137965806069541230272) D52 D76
error(0.0002667378157289137965806069541230272) D52 D76 ^ D75
error(0.0002000667052120994558999517165531756) D52 D81
error(6.669779853440971351119515020400286e-05) D52 D81 ^ D59
error(0.0002000667052120994558999517165531756) D52 D81 ^ D75
error(6.669779853440971351119515020400286e-05) D52 D81 ^ D75 ^ D59
error(0.0003334000326131335203289074442523088) D53
error(0.00013338669987616075555611483416385) D53 D77
error(0.00013338669987616075555611483416385) D53 D77 ^ D54
error(0.00013338669987616075555611483416385) D53 ^ D29
error(6.669779853440971351119515020400286e-05) D53 ^ D31
error(0.000733186634059687820930140134123576) D54
error(0.0002667378157289137965806069541230272) D54 D58
error(0.0002667378157289137965806069541230272) D54 D58 ^ D55
error(6.669779853440971351119515020400286e-05) D54 D68
error(0.00013338669987616075555611483416385) D54 D73
error(0.00013338669987616075555611483416385) D54 D73 ^ D55 D72
error(6.669779853440971351119515020400286e-05) D54 D73 ^ D55 D77
error(6.669779853440971351119515020400286e-05) D54 D73 ^ D72 D77
error(0.001531977994116792696210893609531922) D54 D78
error(0.00013338669987616075555611483416385) D54 D78 ^ D55
error(6.669779853440971351119515020400286e-05) D54 D78 ^ D55 D72
error(6.669779853440971351119515020400286e-05) D54 D78 ^ D55 D77
error(6.669779853440971351119515020400286e-05) D54 D78 ^ D72 D77
error(0.0002000667052120994558999517165531756) D54 ^ D30
error(6.669779853440971351119515020400286e-05) D54 ^ D30 ^ D31
error(6.669779853440971351119515020400286e-05) D54 ^ D30 ^ D53
error(6.669779853440971351119515020400286e-05) D54 ^ D30 ^ D53 ^ D31
error(6.669779853440971351119515020400286e-05) D54 ^ D31
error(0.0002000667052120994558999517165531756) D54 ^ D53
error(6.669779853440971351119515020400286e-05) D54 ^ D53 ^ D31
error(6.669779853440971351119515020400286e-05) D54 ^ D55
error(6.669779853440971351119515020400286e-05) D54 ^ D68
error(0.0002000667052120994558999517165531756) D54 ^ D77
error(0.00013338669987616075555611483416385) D54 ^ D77 ^ D53
error(6.669779853440971351119515020400286e-05) D54 ^ D77 ^ D55
error(0.000932959966803423475234513517762025) D55
error(0.0004000533570511300221483885763973376) D55 D72
error(0.0002000667052120994558999517165531756) D55 D72 ^ D73 D78
error(6.669779853440971351119515020400286e-05) D55 D77
error(6.669779853440971351119515020400286e-05) D55 D77 ^ D73 D78
error(0.0002000667052120994558999517165531756) D55 D79
error(6.669779853440971351119515020400286e-05) D55 D79 ^ D56 D58
error(6.669779853440971351119515020400286e-05) D55 D79 ^ D56 D73
error(6.669779853440971351119515020400286e-05) D55 D79 ^ D58 D73
error(0.00013338669987616075555611483416385) D55 D79 ^ D73 D78
error(0.0002000667052120994558999517165531756) D55 ^ D31
error(6.669779853440971351119515020400286e-05) D55 ^ D33
error(0.0004000533570511300221483885763973376) D56 D58
error(0.0002667378157289137965806069541230272) D56 D58 ^ D55
error(6.669779853440971351119515020400286e-05) D56 D58 ^ D57
error(0.0002000667052120994558999517165531756) D56 D58 ^ D79
error(0.00013338669987616075555611483416385) D56 D58 ^ D79 ^ D55
error(6.669779853440971351119515020400286e-05) D56 D58 ^ D79 ^ D57
error(0.0002667378157289137965806069541230272) D56 D59
error(0.0002667378157289137965806069541230272) D56 D59 ^ D57
error(0.00013338669987616075555611483416385) D56 D70
error(6.669779853440971351119515020400286e-05) D56 D70 ^ D74 D79
error(0.0004000533570511300221483885763973376) D56 D73
error(0.0002000667052120994558999517165531756) D56 D73 ^ D74 D79
error(0.00013338669987616075555611483416385) D56 D75
error(0.00013338669987616075555611483416385) D56 D75 ^ D57 D74
error(6.669779853440971351119515020400286e-05) D56 D75 ^ D57 D79
error(6.669779853440971351119515020400286e-05) D56 D75 ^ D74 D79
error(0.001731431703749411465942387167160632) D56 D80
error(0.0002000667052120994558999517165531756) D56 D80 ^ D57
error(6.669779853440971351119515020400286e-05) D56 D80 ^ D57 D74
error(6.669779853440971351119515020400286e-05) D56 D80 ^ D57 D79
error(0.0002000667052120994558999517165531756) D56 D80 ^ D74 D79
error(6.669779853440971351119515020400286e-05) D56 D80 ^ D79
error(6.669779853440971351119515020400286e-05) D56 D80 ^ D79 ^ D57
error(0.0008663777392448274508596206544552842) D57
error(0.0004000533570511300221483885763973376) D57 D74
error(0.0002000667052120994558999517165531756) D57 D74 ^ D75 D80
error(6.669779853440971351119515020400286e-05) D57 D79
error(6.669779853440971351119515020400286e-05) D57 D79 ^ D75 D80
error(0.0002000667052120994558999517165531756) D57 D81
error(6.669779853440971351119515020400286e-05) D57 D81 ^ D59
error(6.669779853440971351119515020400286e-05) D57 D81 ^ D75
error(0.00013338669987616075555611483416385) D57 D81 ^ D75 D80
error(6.669779853440971351119515020400286e-05) D57 D81 ^ D75 ^ D59
error(0.0002000667052120994558999517165531756) D57 ^ D33
error(0.00013338669987616075555611483416385) D57 ^ D35
error(0.00013338669987616075555611483416385) D57 ^ D59
error(0.00013338669987616075555611483416385) D57 ^ D59 ^ D35
error(0.00013338669987616075555611483416385) D58 D73
error(6.669779853440971351119515020400286e-05) D58 D73 ^ D55
error(6.669779853440971351119515020400286e-05) D58 D73 ^ D79
error(6.669779853440971351119515020400286e-05) D58 D73 ^ D79 ^ D55
error(0.0003334000326131335203289074442523088) D58 D78
error(0.0002000667052120994558999517165531756) D58 D78 ^ D55
error(0.0002000667052120994558999517165531756) D58 D78 ^ D79
error(6.669779853440971351119515020400286e-05) D58 D78 ^ D79 ^ D55
error(0.0002000667052120994558999517165531756) D58 D80
error(6.669779853440971351119515020400286e-05) D58 D80 ^ D57
error(0.0002000667052120994558999517165531756) D58 D80 ^ D79
error(6.669779853440971351119515020400286e-05) D58 D80 ^ D79 ^ D57
error(0.001598471433531980893938406751431103) D58 D82
error(0.0002667378157289137965806069541230272) D58 D82 ^ D79
error(0.0004666977902291165390506744170551201) D59
error(6.669779853440971351119515020400286e-05) D59 D75
error(6.669779853440971351119515020400286e-05) D59 D75 ^ D57
error(6.669779853440971351119515020400286e-05) D59 D75 ^ D81
error(6.669779853440971351119515020400286e-05) D59 D75 ^ D81 ^ D57
error(0.0003334000326131335203289074442523088) D59 D80
error(0.0002000667052120994558999517165531756) D59 D80 ^ D57
error(0.0002000667052120994558999517165531756) D59 D80 ^ D81
error(6.669779853440971351119515020400286e-05) D59 D80 ^ D81 ^ D57
error(0.001465475683586184990625511659345648) D59 D83
error(0.00013338669987616075555611483416385) D59 D83 ^ D81
error(0.00013338669987616075555611483416385) D59 ^ D35
error(0.00013338669987616075555611483416385) D59 ^ D57
error(0.00013338669987616075555611483416385) D59 ^ D81
error(0.00013338669987616075555611483416385) D59 ^ D81 ^ D57
error(0.0004666977902291165390506744170551201) D60
error(0.0002667378157289137965806069541230272) D60 D63
error(0.0002667378157289137965806069541230272) D60 D63 ^ D62 L0
error(0.001465475683586184990625511659345648) D60 D84
error(0.00013338669987616075555611483416385) D60 D84 ^ D62 L0
error(0.00013338669987616075555611483416385) D60 ^ D36
error(0.00013338669987616075555611483416385) D60 ^ D36 ^ D38 L0
error(0.0002667378157289137965806069541230272) D60 ^ D38 L0
error(0.0002667378157289137965806069541230272) D60 ^ D62 L0
error(0.00013338669987616075555611483416385) D60 ^ D62 L0 ^ D38 L0
error(0.0004000533570511300221483885763973376) D61 D63
error(0.0002000667052120994558999517165531756) D61 D63 ^ D40 L0
error(6.669779853440971351119515020400286e-05) D61 D63 ^ D62 L0
error(6.669779853440971351119515020400286e-05) D61 D63 ^ D62 L0 ^ D40 L0
error(6.669779853440971351119515020400286e-05) D61 D63 ^ D64 D69
error(0.0002667378157289137965806069541230272) D61 D63 ^ D64 L0
error(0.00013338669987616075555611483416385) D61 D63 ^ D64 L0 ^ D40 L0
error(0.0002667378157289137965806069541230272) D61 D65
error(0.0002667378157289137965806069541230272) D61 D65 ^ D64 L0
error(0.001598471433531980893938406751431103) D61 D85
error(0.0002667378157289137965806069541230272) D61 D85 ^ D64 L0
error(0.0004000533570511300221483885763973376) D62 D67
error(0.0002000667052120994558999517165531756) D62 D67 ^ D44
error(6.669779853440971351119515020400286e-05) D62 D67 ^ D44 ^ D60
error(6.669779853440971351119515020400286e-05) D62 D67 ^ D60
error(6.669779853440971351119515020400286e-05) D62 D67 ^ D63 D68
error(0.0002667378157289137965806069541230272) D62 D67 ^ D68
error(0.00013338669987616075555611483416385) D62 D67 ^ D68 ^ D44
error(0.0002667378157289137965806069541230272) D62 D69
error(0.0002667378157289137965806069541230272) D62 D69 ^ D63 D68
error(0.0002000667052120994558999517165531756) D62 D86
error(0.00013338669987616075555611483416385) D62 D86 ^ D63 D68
error(6.669779853440971351119515020400286e-05) D62 D86 ^ D68
error(6.669779853440971351119515020400286e-05) D62 D86 ^ D68 ^ D84
error(6.669779853440971351119515020400286e-05) D62 D86 ^ D84
error(0.0002000667052120994558999517165531756) D62 D91
error(0.0002000667052120994558999517165531756) D62 D91 ^ D68
error(6.669779853440971351119515020400286e-05) D62 D91 ^ D68 ^ D84
error(6.669779853440971351119515020400286e-05) D62 D91 ^ D84
error(0.0008663777392448274508596206544552842) D62 L0
error(0.0002000667052120994558999517165531756) D62 L0 ^ D38 L0
error(6.669779853440971351119515020400286e-05) D62 L0 ^ D40 L0
error(0.0005333333333331479603200975248000759) D63 D68
error(6.669779853440971351119515020400286e-05) D63 D68 ^ D62 L0
error(6.669779853440971351119515020400286e-05) D63 D68 ^ D64 D69
error(6.669779853440971351119515020400286e-05) D63 D68 ^ D64 D86
error(6.669779853440971351119515020400286e-05) D63 D68 ^ D69 D72
error(0.0002000667052120994558999517165531756) D63 D68 ^ D69 D86
error(6.669779853440971351119515020400286e-05) D63 D68 ^ D86 L0
error(6.669779853440971351119515020400286e-05) D63 D68 ^ D86 L0 ^ D62 L0
error(0.0002667378157289137965806069541230272) D63 D70
error(0.0002667378157289137965806069541230272) D63 D70 ^ D64 D69
error(0.0003334000326131335203289074442523088) D63 D84
error(0.0002000667052120994558999517165531756) D63 D84 ^ D62 L0
error(0.0002000667052120994558999517165531756) D63 D84 ^ D86 L0
error(6.669779853440971351119515020400286e-05) D63 D84 ^ D86 L0 ^ D62 L0
error(0.0002000667052120994558999517165531756) D63 D85
error(0.0002000667052120994558999517165531756) D63 D85 ^ D64 L0
error(6.669779853440971351119515020400286e-05) D63 D85 ^ D86 L0
error(6.669779853440971351119515020400286e-05) D63 D85 ^ D86 L0 ^ D64 L0
error(0.001731431703749411465942387167160632) D63 D87
error(0.0002000667052120994558999517165531756) D63 D87 ^ D64 D69
error(6.669779853440971351119515020400286e-05) D63 D87 ^ D64 D86
error(6.669779853440971351119515020400286e-05) D63 D87 ^ D64 L0
error(6.669779853440971351119515020400286e-05) D63 D87 ^ D69 D86
error(0.0002000667052120994558999517165531756) D63 D87 ^ D86 L0
error(6.669779853440971351119515020400286e-05) D63 D87 ^ D86 L0 ^ D64 L0
error(0.0005333333333331479603200975248000759) D64 D69
error(6.669779853440971351119515020400286e-05) D64 D69 ^ D65 D70
error(6.669779853440971351119515020400286e-05) D64 D69 ^ D68 D87
error(6.669779853440971351119515020400286e-05) D64 D69 ^ D70 D73
error(0.0002000667052120994558999517165531756) D64 D69 ^ D70 D87
error(6.669779853440971351119515020400286e-05) D64 D69 ^ D73 D87
error(0.0002667378157289137965806069541230272) D64 D71
error(0.0002667378157289137965806069541230272) D64 D71 ^ D65 D70
error(6.669779853440971351119515020400286e-05) D64 D86
error(6.669779853440971351119515020400286e-05) D64 D86 ^ D68 D87
error(0.0002000667052120994558999517165531756) D64 D88
error(0.00013338669987616075555611483416385) D64 D88 ^ D65 D70
error(6.669779853440971351119515020400286e-05) D64 D88 ^ D70 D85
error(6.669779853440971351119515020400286e-05) D64 D88 ^ D70 D87
error(6.669779853440971351119515020400286e-05) D64 D88 ^ D85 D87
error(0.00013338669987616075555611483416385) D64 D93
error(6.669779853440971351119515020400286e-05) D64 D93 ^ D70 D73
error(6.669779853440971351119515020400286e-05) D64 D93 ^ D70 D85
error(0.00013338669987616075555611483416385) D64 D93 ^ D70 D87
error(6.669779853440971351119515020400286e-05) D64 D93 ^ D73 D87
error(6.669779853440971351119515020400286e-05) D64 D93 ^ D85 D87
error(0.000932959966803423475234513517762025) D64 L0
error(0.0002000667052120994558999517165531756) D64 L0 ^ D40 L0
error(6.669779853440971351119515020400286e-05) D64 L0 ^ D41
error(6.669779853440971351119515020400286e-05) D64 L0 ^ D41 ^ D42 L0
error(6.669779853440971351119515020400286e-05) D64 L0 ^ D42 L0
error(6.669779853440971351119515020400286e-05) D64 L0 ^ D65
error(6.669779853440971351119515020400286e-05) D64 L0 ^ D65 ^ D41
error(6.669779853440971351119515020400286e-05) D64 L0 ^ D65 ^ D41 ^ D42 L0
error(6.669779853440971351119515020400286e-05) D64 L0 ^ D65 ^ D42 L0
error(0.000733186634059687820930140134123576) D65
error(0.0005333333333331479603200975248000759) D65 D70
error(6.669779853440971351119515020400286e-05) D65 D70 ^ D64 L0
error(6.669779853440971351119515020400286e-05) D65 D70 ^ D66 D71
error(6.669779853440971351119515020400286e-05) D65 D70 ^ D66 D88
error(6.669779853440971351119515020400286e-05) D65 D70 ^ D71 D74
error(0.0002000667052120994558999517165531756) D65 D70 ^ D71 D88
error(6.669779853440971351119515020400286e-05) D65 D70 ^ D88 L0
error(6.669779853440971351119515020400286e-05) D65 D70 ^ D88 L0 ^ D64 L0
error(0.0003334000326131335203289074442523088) D65 D85
error(0.0002000667052120994558999517165531756) D65 D85 ^ D64 L0
error(0.0002000667052120994558999517165531756) D65 D85 ^ D88 L0
error(6.669779853440971351119515020400286e-05) D65 D85 ^ D88 L0 ^ D64 L0
error(0.001531977994116792696210893609531922) D65 D89
error(6.669779853440971351119515020400286e-05) D65 D89 ^ D66 D71
error(6.669779853440971351119515020400286e-05) D65 D89 ^ D66 D88
error(6.669779853440971351119515020400286e-05) D65 D89 ^ D71 D88
error(0.00013338669987616075555611483416385) D65 D89 ^ D88 L0
error(0.0002000667052120994558999517165531756) D65 ^ D41
error(6.669779853440971351119515020400286e-05) D65 ^ D41 ^ D42 L0
error(0.0002000667052120994558999517165531756) D65 ^ D42 L0
error(6.669779853440971351119515020400286e-05) D65 ^ D51
error(0.0002000667052120994558999517165531756) D65 ^ D66 L0
error(0.00013338669987616075555611483416385) D65 ^ D66 L0 ^ D42 L0
error(0.0004000533570511300221483885763973376) D66 D71
error(0.0002667378157289137965806069541230272) D66 D71 ^ D65
error(6.669779853440971351119515020400286e-05) D66 D71 ^ D70 D89
error(6.669779853440971351119515020400286e-05) D66 D71 ^ D75
error(0.0002000667052120994558999517165531756) D66 D71 ^ D89
error(0.00013338669987616075555611483416385) D66 D71 ^ D89 ^ D65
error(6.669779853440971351119515020400286e-05) D66 D71 ^ D89 ^ D75
error(6.669779853440971351119515020400286e-05) D66 D88
error(6.669779853440971351119515020400286e-05) D66 D88 ^ D70 D89
error(0.00013338669987616075555611483416385) D66 D90
error(0.00013338669987616075555611483416385) D66 D90 ^ D89
error(0.0002000667052120994558999517165531756) D66 D95
error(6.669779853440971351119515020400286e-05) D66 D95 ^ D75
error(0.0002000667052120994558999517165531756) D66 D95 ^ D89
error(6.669779853440971351119515020400286e-05) D66 D95 ^ D89 ^ D75
error(0.0003334000326131335203289074442523088) D66 L0
error(0.00013338669987616075555611483416385) D66 L0 ^ D42 L0
error(0.0002667378157289137965806069541230272) D67 D72
error(0.0002667378157289137965806069541230272) D67 D72 ^ D68
error(0.0002667378157289137965806069541230272) D67 D91
error(0.0002667378157289137965806069541230272) D67 D91 ^ D68
error(0.000932959966803423475234513517762025) D68
error(0.0002667378157289137965806069541230272) D68 D73
error(0.0002667378157289137965806069541230272) D68 D73 ^ D69 D72
error(6.669779853440971351119515020400286e-05) D68 D84
error(6.669779853440971351119515020400286e-05) D68 D84 ^ D62 L0
error(6.669779853440971351119515020400286e-05) D68 D84 ^ D86 L0
error(6.669779853440971351119515020400286e-05) D68 D84 ^ D86 L0 ^ D62 L0
error(0.00013338669987616075555611483416385) D68 D87
error(0.00013338669987616075555611483416385) D68 D87 ^ D69 D86
error(6.669779853440971351119515020400286e-05) D68 D87 ^ D69 D91
error(6.669779853440971351119515020400286e-05) D68 D87 ^ D86 D91
error(0.001531977994116792696210893609531922) D68 D92
error(0.00013338669987616075555611483416385) D68 D92 ^ D69 D72
error(6.669779853440971351119515020400286e-05) D68 D92 ^ D69 D86
error(6.669779853440971351119515020400286e-05) D68 D92 ^ D69 D91
error(6.669779853440971351119515020400286e-05) D68 D92 ^ D86 D91
error(0.0002000667052120994558999517165531756) D68 ^ D44
error(6.669779853440971351119515020400286e-05) D68 ^ D84
error(0.0005333333333331479603200975248000759) D69 D72
error(6.669779853440971351119515020400286e-05) D69 D72 ^ D68
error(6.669779853440971351119515020400286e-05) D69 D72 ^ D70 D73
error(6.669779853440971351119515020400286e-05) D69 D72 ^ D73 D78
error(0.0002000667052120994558999517165531756) D69 D72 ^ D73 D92
error(6.669779853440971351119515020400286e-05) D69 D72 ^ D78 D92
error(6.669779853440971351119515020400286e-05) D69 D72 ^ D92
error(6.669779853440971351119515020400286e-05) D69 D72 ^ D92 ^ D68
error(0.0002667378157289137965806069541230272) D69 D74
error(0.0002667378157289137965806069541230272) D69 D74 ^ D70 D73
error(0.0004000533570511300221483885763973376) D69 D86
error(0.0002000667052120994558999517165531756) D69 D86 ^ D87 D92
error(0.00013338669987616075555611483416385) D69 D91
error(6.669779853440971351119515020400286e-05) D69 D91 ^ D68
error(6.669779853440971351119515020400286e-05) D69 D91 ^ D87 D92
error(6.669779853440971351119515020400286e-05) D69 D91 ^ D92
error(6.669779853440971351119515020400286e-05) D69 D91 ^ D92 ^ D68
error(0.0004000533570511300221483885763973376) D69 D93
error(0.0002000667052120994558999517165531756) D69 D93 ^ D70 D73
error(6.669779853440971351119515020400286e-05) D69 D93 ^ D70 D87
error(0.00013338669987616075555611483416385) D69 D93 ^ D73 D87
error(6.669779853440971351119515020400286e-05) D69 D93 ^ D73 D92
error(0.0002000667052120994558999517165531756) D69 D93 ^ D87 D92
error(0.00013338669987616075555611483416385) D69 D96
error(6.669779853440971351119515020400286e-05) D69 D96 ^ D73 D78
error(6.669779853440971351119515020400286e-05) D69 D96 ^ D73 D87
error(0.00013338669987616075555611483416385) D69 D96 ^ D73 D92
error(6.669779853440971351119515020400286e-05) D69 D96 ^ D78 D92
error(6.669779853440971351119515020400286e-05) D69 D96 ^ D87 D92
error(0.0005333333333331479603200975248000759) D70 D73
error(6.669779853440971351119515020400286e-05) D70 D73 ^ D71 D74
error(6.669779853440971351119515020400286e-05) D70 D73 ^ D71 D93
error(6.669779853440971351119515020400286e-05) D70 D73 ^ D74 D79
error(0.0002000667052120994558999517165531756) D70 D73 ^ D74 D93
error(0.0002667378157289137965806069541230272) D70 D75
error(0.0002667378157289137965806069541230272) D70 D75 ^ D71 D74
error(0.00013338669987616075555611483416385) D70 D85
error(6.669779853440971351119515020400286e-05) D70 D85 ^ D64 L0
error(6.669779853440971351119515020400286e-05) D70 D85 ^ D88 D93
error(6.669779853440971351119515020400286e-05) D70 D85 ^ D88 L0
error(6.669779853440971351119515020400286e-05) D70 D85 ^ D88 L0 ^ D64 L0
error(0.0004000533570511300221483885763973376) D70 D87
error(0.0002000667052120994558999517165531756) D70 D87 ^ D88 D93
error(0.00013338669987616075555611483416385) D70 D89
error(0.00013338669987616075555611483416385) D70 D89 ^ D71 D88
error(6.669779853440971351119515020400286e-05) D70 D89 ^ D71 D93
error(6.669779853440971351119515020400286e-05) D70 D89 ^ D88 D93
error(0.001731431703749411465942387167160632) D70 D94
error(0.0002000667052120994558999517165531756) D70 D94 ^ D71 D74
error(6.669779853440971351119515020400286e-05) D70 D94 ^ D71 D88
error(0.00013338669987616075555611483416385) D70 D94 ^ D71 D93
error(6.669779853440971351119515020400286e-05) D70 D94 ^ D74 D93
error(0.0002000667052120994558999517165531756) D70 D94 ^ D88 D93
error(0.0005333333333331479603200975248000759) D71 D74
error(6.669779853440971351119515020400286e-05) D71 D74 ^ D51
error(6.669779853440971351119515020400286e-05) D71 D74 ^ D73 D94
error(6.669779853440971351119515020400286e-05) D71 D74 ^ D75
error(6.669779853440971351119515020400286e-05) D71 D74 ^ D75 D80
error(0.0002000667052120994558999517165531756) D71 D74 ^ D75 D94
error(6.669779853440971351119515020400286e-05) D71 D74 ^ D75 ^ D51
error(6.669779853440971351119515020400286e-05) D71 D74 ^ D80 D94
error(0.0002667378157289137965806069541230272) D71 D76
error(0.0002667378157289137965806069541230272) D71 D76 ^ D75
error(0.0004000533570511300221483885763973376) D71 D88
error(0.0002000667052120994558999517165531756) D71 D88 ^ D89 D94
error(0.00013338669987616075555611483416385) D71 D93
error(6.669779853440971351119515020400286e-05) D71 D93 ^ D73 D94
error(6.669779853440971351119515020400286e-05) D71 D93 ^ D89 D94
error(0.0004000533570511300221483885763973376) D71 D95
error(0.0002000667052120994558999517165531756) D71 D95 ^ D75
error(6.669779853440971351119515020400286e-05) D71 D95 ^ D75 D89
error(6.669779853440971351119515020400286e-05) D71 D95 ^ D75 D94
error(6.669779853440971351119515020400286e-05) D71 D95 ^ D89
error(0.0002000667052120994558999517165531756) D71 D95 ^ D89 D94
error(6.669779853440971351119515020400286e-05) D71 D95 ^ D89 ^ D75
error(0.00013338669987616075555611483416385) D71 D98
error(6.669779853440971351119515020400286e-05) D71 D98 ^ D75 D80
error(6.669779853440971351119515020400286e-05) D71 D98 ^ D75 D89
error(0.00013338669987616075555611483416385) D71 D98 ^ D75 D94
error(6.669779853440971351119515020400286e-05) D71 D98 ^ D80 D94
error(6.669779853440971351119515020400286e-05) D71 D98 ^ D89 D94
error(0.0004000533570511300221483885763973376) D72 D77
error(0.0002000667052120994558999517165531756) D72 D77 ^ D54
error(6.669779853440971351119515020400286e-05) D72 D77 ^ D54 ^ D68
error(6.669779853440971351119515020400286e-05) D72 D77 ^ D68
error(6.669779853440971351119515020400286e-05) D72 D77 ^ D73 D78
error(0.0002667378157289137965806069541230272) D72 D77 ^ D78
error(0.00013338669987616075555611483416385) D72 D77 ^ D78 ^ D54
error(0.0002667378157289137965806069541230272) D72 D79
error(0.0002667378157289137965806069541230272) D72 D79 ^ D73 D78
error(0.0003334000326131335203289074442523088) D72 D91
error(0.0002000667052120994558999517165531756) D72 D91 ^ D68
error(0.0002000667052120994558999517165531756) D72 D91 ^ D92
error(6.669779853440971351119515020400286e-05) D72 D91 ^ D92 ^ D68
error(0.0004000533570511300221483885763973376) D72 D96
error(0.0002000667052120994558999517165531756) D72 D96 ^ D73 D78
error(6.669779853440971351119515020400286e-05) D72 D96 ^ D73 D92
error(6.669779853440971351119515020400286e-05) D72 D96 ^ D78
error(6.669779853440971351119515020400286e-05) D72 D96 ^ D78 D92
error(6.669779853440971351119515020400286e-05) D72 D96 ^ D78 ^ D92
error(0.0002000667052120994558999517165531756) D72 D96 ^ D92
error(0.0002000667052120994558999517165531756) D72 D101
error(0.0002000667052120994558999517165531756) D72 D101 ^ D78
error(6.669779853440971351119515020400286e-05) D72 D101 ^ D78 ^ D92
error(6.669779853440971351119515020400286e-05) D72 D101 ^ D92
error(0.0005333333333331479603200975248000759) D73 D78
error(6.669779853440971351119515020400286e-05) D73 D78 ^ D55
error(6.669779853440971351119515020400286e-05) D73 D78 ^ D74 D79
error(6.669779853440971351119515020400286e-05) D73 D78 ^ D74 D96
error(6.669779853440971351119515020400286e-05) D73 D78 ^ D79
error(0.0002000667052120994558999517165531756) D73 D78 ^ D79 D96
error(6.669779853440971351119515020400286e-05) D73 D78 ^ D79 ^ D55
error(0.0002667378157289137965806069541230272) D73 D80
error(0.0002667378157289137965806069541230272) D73 D80 ^ D74 D79
error(0.00013338669987616075555611483416385) D73 D87
error(6.669779853440971351119515020400286e-05) D73 D87 ^ D93 D96
error(0.0004000533570511300221483885763973376) D73 D92
error(0.0002000667052120994558999517165531756) D73 D92 ^ D93 D96
error(0.00013338669987616075555611483416385) D73 D94
error(0.00013338669987616075555611483416385) D73 D94 ^ D74 D93
error(6.669779853440971351119515020400286e-05) D73 D94 ^ D74 D96
error(6.669779853440971351119515020400286e-05) D73 D94 ^ D93 D96
error(0.001731431703749411465942387167160632) D73 D97
error(0.0002000667052120994558999517165531756) D73 D97 ^ D74 D79
error(6.669779853440971351119515020400286e-05) D73 D97 ^ D74 D93
error(0.00013338669987616075555611483416385) D73 D97 ^ D74 D96
error(6.669779853440971351119515020400286e-05) D73 D97 ^ D79 D96
error(0.0002000667052120994558999517165531756) D73 D97 ^ D93 D96
error(0.0005333333333331479603200975248000759) D74 D79
error(6.669779853440971351119515020400286e-05) D74 D79 ^ D75 D80
error(6.669779853440971351119515020400286e-05) D74 D79 ^ D78 D97
error(6.669779853440971351119515020400286e-05) D74 D79 ^ D80 D82
error(0.0002000667052120994558999517165531756) D74 D79 ^ D80 D97
error(6.669779853440971351119515020400286e-05) D74 D79 ^ D82 D97
error(0.0002667378157289137965806069541230272) D74 D81
error(0.0002667378157289137965806069541230272) D74 D81 ^ D75 D80
error(0.0004000533570511300221483885763973376) D74 D93
error(0.0002000667052120994558999517165531756) D74 D93 ^ D94 D97
error(0.00013338669987616075555611483416385) D74 D96
error(6.669779853440971351119515020400286e-05) D74 D96 ^ D78 D97
error(6.669779853440971351119515020400286e-05) D74 D96 ^ D94 D97
error(0.0004000533570511300221483885763973376) D74 D98
error(0.0002000667052120994558999517165531756) D74 D98 ^ D75 D80
error(6.669779853440971351119515020400286e-05) D74 D98 ^ D75 D94
error(0.00013338669987616075555611483416385) D74 D98 ^ D80 D94
error(6.669779853440971351119515020400286e-05) D74 D98 ^ D80 D97
error(0.0002000667052120994558999517165531756) D74 D98 ^ D94 D97
error(0.00013338669987616075555611483416385) D74 D103
error(6.669779853440971351119515020400286e-05) D74 D103 ^ D80 D82
error(6.669779853440971351119515020400286e-05) D74 D103 ^ D80 D94
error(0.00013338669987616075555611483416385) D74 D103 ^ D80 D97
error(6.669779853440971351119515020400286e-05) D74 D103 ^ D82 D97
error(6.669779853440971351119515020400286e-05) D74 D103 ^ D94 D97
error(0.000932959966803423475234513517762025) D75
error(0.0005333333333331479603200975248000759) D75 D80
error(6.669779853440971351119515020400286e-05) D75 D80 ^ D57
error(6.669779853440971351119515020400286e-05) D75 D80 ^ D76 D81
error(6.669779853440971351119515020400286e-05) D75 D80 ^ D76 D98
error(6.669779853440971351119515020400286e-05) D75 D80 ^ D81
error(0.0002000667052120994558999517165531756) D75 D80 ^ D81 D98
error(6.669779853440971351119515020400286e-05) D75 D80 ^ D81 ^ D57
error(6.669779853440971351119515020400286e-05) D75 D89
error(6.669779853440971351119515020400286e-05) D75 D89 ^ D95 D98
error(0.0004000533570511300221483885763973376) D75 D94
error(0.0002000667052120994558999517165531756) D75 D94 ^ D95 D98
error(0.001531977994116792696210893609531922) D75 D99
error(6.669779853440971351119515020400286e-05) D75 D99 ^ D76 D81
error(6.669779853440971351119515020400286e-05) D75 D99 ^ D76 D98
error(6.669779853440971351119515020400286e-05) D75 D99 ^ D81 D98
error(0.00013338669987616075555611483416385) D75 D99 ^ D95 D98
error(0.0002000667052120994558999517165531756) D75 ^ D51
error(6.669779853440971351119515020400286e-05) D75 ^ D59
error(0.0004000533570511300221483885763973376) D76 D81
error(0.0002667378157289137965806069541230272) D76 D81 ^ D75
error(6.669779853440971351119515020400286e-05) D76 D81 ^ D80 D99
error(6.669779853440971351119515020400286e-05) D76 D81 ^ D83
error(0.0002000667052120994558999517165531756) D76 D81 ^ D99
error(0.00013338669987616075555611483416385) D76 D81 ^ D99 ^ D75
error(6.669779853440971351119515020400286e-05) D76 D81 ^ D99 ^ D83
error(0.0003334000326131335203289074442523088) D76 D95
error(0.0002000667052120994558999517165531756) D76 D95 ^ D75
error(0.0002000667052120994558999517165531756) D76 D95 ^ D99
error(6.669779853440971351119515020400286e-05) D76 D95 ^ D99 ^ D75
error(0.00013338669987616075555611483416385) D76 D98
error(6.669779853440971351119515020400286e-05) D76 D98 ^ D75
error(6.669779853440971351119515020400286e-05) D76 D98 ^ D80 D99
error(6.669779853440971351119515020400286e-05) D76 D98 ^ D99
error(6.669779853440971351119515020400286e-05) D76 D98 ^ D99 ^ D75
error(0.0002667378157289137965806069541230272) D76 D100
error(0.0002667378157289137965806069541230272) D76 D100 ^ D99
error(0.0002000667052120994558999517165531756) D76 D105
error(6.669779853440971351119515020400286e-05) D76 D105 ^ D83
error(0.0002000667052120994558999517165531756) D76 D105 ^ D99
error(6.669779853440971351119515020400286e-05) D76 D105 ^ D99 ^ D83
error(0.0003334000326131335203289074442523088) D77
error(0.00013338669987616075555611483416385) D77 D101
error(0.00013338669987616075555611483416385) D77 D101 ^ D78
error(0.00013338669987616075555611483416385) D77 ^ D53
error(6.669779853440971351119515020400286e-05) D77 ^ D55
error(0.000733186634059687820930140134123576) D78
error(0.0002667378157289137965806069541230272) D78 D82
error(0.0002667378157289137965806069541230272) D78 D82 ^ D79
error(6.669779853440971351119515020400286e-05) D78 D92
error(0.00013338669987616075555611483416385) D78 D97
error(0.00013338669987616075555611483416385) D78 D97 ^ D79 D96
error(6.669779853440971351119515020400286e-05) D78 D97 ^ D79 D101
error(6.669779853440971351119515020400286e-05) D78 D97 ^ D96 D101
error(0.001531977994116792696210893609531922) D78 D102
error(0.00013338669987616075555611483416385) D78 D102 ^ D79
error(6.669779853440971351119515020400286e-05) D78 D102 ^ D79 D96
error(6.669779853440971351119515020400286e-05) D78 D102 ^ D79 D101
error(6.669779853440971351119515020400286e-05) D78 D102 ^ D96 D101
error(0.0002000667052120994558999517165531756) D78 ^ D54
error(6.669779853440971351119515020400286e-05) D78 ^ D54 ^ D55
error(6.669779853440971351119515020400286e-05) D78 ^ D54 ^ D77
error(6.669779853440971351119515020400286e-05) D78 ^ D54 ^ D77 ^ D55
error(6.669779853440971351119515020400286e-05) D78 ^ D55
error(0.0002000667052120994558999517165531756) D78 ^ D77
error(6.669779853440971351119515020400286e-05) D78 ^ D77 ^ D55
error(6.669779853440971351119515020400286e-05) D78 ^ D79
error(6.669779853440971351119515020400286e-05) D78 ^ D92
error(0.0002000667052120994558999517165531756) D78 ^ D101
error(0.00013338669987616075555611483416385) D78 ^ D101 ^ D77
error(6.669779853440971351119515020400286e-05) D78 ^ D101 ^ D79
error(0.000932959966803423475234513517762025) D79
error(0.0004000533570511300221483885763973376) D79 D96
error(0.0002000667052120994558999517165531756) D79 D96 ^ D97 D102
error(6.669779853440971351119515020400286e-05) D79 D101
error(6.669779853440971351119515020400286e-05) D79 D101 ^ D97 D102
error(0.0002000667052120994558999517165531756) D79 D103
error(6.669779853440971351119515020400286e-05) D79 D103 ^ D80 D82
error(6.669779853440971351119515020400286e-05) D79 D103 ^ D80 D97
error(6.669779853440971351119515020400286e-05) D79 D103 ^ D82 D97
error(0.00013338669987616075555611483416385) D79 D103 ^ D97 D102
error(0.0002000667052120994558999517165531756) D79 ^ D55
error(6.669779853440971351119515020400286e-05) D79 ^ D57
error(0.0004000533570511300221483885763973376) D80 D82
error(0.0002667378157289137965806069541230272) D80 D82 ^ D79
error(6.669779853440971351119515020400286e-05) D80 D82 ^ D81
error(0.0002000667052120994558999517165531756) D80 D82 ^ D103
error(0.00013338669987616075555611483416385) D80 D82 ^ D103 ^ D79
error(6.669779853440971351119515020400286e-05) D80 D82 ^ D103 ^ D81
error(0.0002667378157289137965806069541230272) D80 D83
error(0.0002667378157289137965806069541230272) D80 D83 ^ D81
error(0.00013338669987616075555611483416385) D80 D94
error(6.669779853440971351119515020400286e-05) D80 D94 ^ D98 D103
error(0.0004000533570511300221483885763973376) D80 D97
error(0.0002000667052120994558999517165531756) D80 D97 ^ D98 D103
error(0.00013338669987616075555611483416385) D80 D99
error(0.00013338669987616075555611483416385) D80 D99 ^ D81 D98
error(6.669779853440971351119515020400286e-05) D80 D99 ^ D81 D103
error(6.669779853440971351119515020400286e-05) D80 D99 ^ D98 D103
error(0.001731431703749411465942387167160632) D80 D104
error(0.0002000667052120994558999517165531756) D80 D104 ^ D81
error(6.669779853440971351119515020400286e-05) D80 D104 ^ D81 D98
error(6.669779853440971351119515020400286e-05) D80 D104 ^ D81 D103
error(0.0002000667052120994558999517165531756) D80 D104 ^ D98 D103
error(6.669779853440971351119515020400286e-05) D80 D104 ^ D103
error(6.669779853440971351119515020400286e-05) D80 D104 ^ D103 ^ D81
error(0.0008663777392448274508596206544552842) D81
error(0.0004000533570511300221483885763973376) D81 D98
error(0.0002000667052120994558999517165531756) D81 D98 ^ D99 D104
error(6.669779853440971351119515020400286e-05) D81 D103
error(6.669779853440971351119515020400286e-05) D81 D103 ^ D99 D104
error(0.0002000667052120994558999517165531756) D81 D105
error(6.669779853440971351119515020400286e-05) D81 D105 ^ D83
error(6.669779853440971351119515020400286e-05) D81 D105 ^ D99
error(0.00013338669987616075555611483416385) D81 D105 ^ D99 D104
error(6.669779853440971351119515020400286e-05) D81 D105 ^ D99 ^ D83
error(0.0002000667052120994558999517165531756) D81 ^ D57
error(0.00013338669987616075555611483416385) D81 ^ D59
error(0.00013338669987616075555611483416385) D81 ^ D83
error(0.00013338669987616075555611483416385) D81 ^ D83 ^ D59
error(0.00013338669987616075555611483416385) D82 D97
error(6.669779853440971351119515020400286e-05) D82 D97 ^ D79
error(6.669779853440971351119515020400286e-05) D82 D97 ^ D103
error(6.669779853440971351119515020400286e-05) D82 D97 ^ D103 ^ D79
error(0.0003334000326131335203289074442523088) D82 D102
error(0.0002000667052120994558999517165531756) D82 D102 ^ D79
error(0.0002000667052120994558999517165531756) D82 D102 ^ D103
error(6.669779853440971351119515020400286e-05) D82 D102 ^ D103 ^ D79
error(0.0002000667052120994558999517165531756) D82 D104
error(6.669779853440971351119515020400286e-05) D82 D104 ^ D81
error(0.0002000667052120994558999517165531756) D82 D104 ^ D103
error(6.669779853440971351119515020400286e-05) D82 D104 ^ D103 ^ D81
error(0.001598471433531980893938406751431103) D82 D106
error(0.0002667378157289137965806069541230272) D82 D106 ^ D103
error(0.0004666977902291165390506744170551201) D83
error(6.669779853440971351119515020400286e-05) D83 D99
error(6.669779853440971351119515020400286e-05) D83 D99 ^ D81
error(6.669779853440971351119515020400286e-05) D83 D99 ^ D105
error(6.669779853440971351119515020400286e-05) D83 D99 ^ D105 ^ D81
error(0.0003334000326131335203289074442523088) D83 D104
error(0.0002000667052120994558999517165531756) D83 D104 ^ D81
error(0.0002000667052120994558999517165531756) D83 D104 ^ D105
error(6.669779853440971351119515020400286e-05) D83 D104 ^ D105 ^ D81
error(0.001465475683586184990625511659345648) D83 D107
error(0.00013338669987616075555611483416385) D83 D107 ^ D105
error(0.00013338669987616075555611483416385) D83 ^ D59
error(0.00013338669987616075555611483416385) D83 ^ D81
error(0.00013338669987616075555611483416385) D83 ^ D105
error(0.00013338669987616075555611483416385) D83 ^ D105 ^ D81
error(0.00206367721758954998298452032656769) D84
error(0.00013338669987616075555611483416385) D84 D87
error(0.00013338669987616075555611483416385) D84 D87 ^ D86 L0
error(0.00013338669987616075555611483416385) D84 ^ D60
error(0.00013338669987616075555611483416385) D84 ^ D60 ^ D62 L0
error(0.0002667378157289137965806069541230272) D84 ^ D62 L0
error(0.0005333333333331479603200975248000759) D84 ^ D86 L0
error(0.00013338669987616075555611483416385) D84 ^ D86 L0 ^ D62 L0
error(0.00013338669987616075555611483416385) D84 ^ D86 L0 ^ D87
error(0.00013338669987616075555611483416385) D84 ^ D87
error(0.001598471433531980893938406751431103) D85
error(0.0002667378157289137965806069541230272) D85 D87
error(0.0002000667052120994558999517165531756) D85 D87 ^ D64 L0
error(6.669779853440971351119515020400286e-05) D85 D87 ^ D86 L0
error(6.669779853440971351119515020400286e-05) D85 D87 ^ D86 L0 ^ D64 L0
error(6.669779853440971351119515020400286e-05) D85 D87 ^ D88 D93
error(0.00013338669987616075555611483416385) D85 D87 ^ D88 L0
error(0.00013338669987616075555611483416385) D85 D87 ^ D88 L0 ^ D64 L0
error(0.00013338669987616075555611483416385) D85 D89
error(0.00013338669987616075555611483416385) D85 D89 ^ D88 L0
error(0.00013338669987616075555611483416385) D85 ^ D87
error(0.00013338669987616075555611483416385) D85 ^ D87 ^ D88 L0
error(0.0002667378157289137965806069541230272) D85 ^ D88 L0
error(0.00013338669987616075555611483416385) D85 ^ D88 L0 ^ D89
error(0.00013338669987616075555611483416385) D85 ^ D89
error(0.0004000533570511300221483885763973376) D86 D91
error(0.0002000667052120994558999517165531756) D86 D91 ^ D68
error(6.669779853440971351119515020400286e-05) D86 D91 ^ D68 ^ D84
error(6.669779853440971351119515020400286e-05) D86 D91 ^ D84
error(6.669779853440971351119515020400286e-05) D86 D91 ^ D87 D92
error(0.0002667378157289137965806069541230272) D86 D91 ^ D92
error(0.00013338669987616075555611483416385) D86 D91 ^ D92 ^ D68
error(0.0002667378157289137965806069541230272) D86 D93
error(0.0002667378157289137965806069541230272) D86 D93 ^ D87 D92
error(0.0002667378157289137965806069541230272) D86 D108
error(0.0002667378157289137965806069541230272) D86 D108 ^ D92
error(0.0002667378157289137965806069541230272) D86 D110
error(0.00013338669987616075555611483416385) D86 D110 ^ D87 D92
error(0.00013338669987616075555611483416385) D86 D110 ^ D92
error(0.001132653363562216748683386668972162) D86 L0
error(0.0002000667052120994558999517165531756) D86 L0 ^ D62 L0
error(6.669779853440971351119515020400286e-05) D86 L0 ^ D64 L0
error(0.00013338669987616075555611483416385) D86 L0 ^ D87
error(0.002262918176598560475454302576281407) D87
error(0.0004000533570511300221483885763973376) D87 D92
error(6.669779853440971351119515020400286e-05) D87 D92 ^ D93 D96
error(0.00013338669987616075555611483416385) D87 D92 ^ D93 D110
error(0.00013338669987616075555611483416385) D87 D94
error(0.00013338669987616075555611483416385) D87 D94 ^ D88 D93
error(6.669779853440971351119515020400286e-05) D87 ^ D86 L0
error(0.0002667378157289137965806069541230272) D87 ^ D88 L0
error(0.00013338669987616075555611483416385) D87 ^ D92
error(6.669779853440971351119515020400286e-05) D87 ^ D92 ^ D86 L0
error(0.00013338669987616075555611483416385) D87 ^ D94
error(0.0004666977902291165390506744170551201) D87 ^ D110 L0
error(6.669779853440971351119515020400286e-05) D87 ^ D110 L0 ^ D86 L0
error(0.00013338669987616075555611483416385) D87 ^ D110 L0 ^ D88 L0
error(6.669779853440971351119515020400286e-05) D87 ^ D110 L0 ^ D92
error(6.669779853440971351119515020400286e-05) D87 ^ D110 L0 ^ D92 ^ D86 L0
error(0.0005333333333331479603200975248000759) D88 D93
error(0.0002000667052120994558999517165531756) D88 D93 ^ D87
error(6.669779853440971351119515020400286e-05) D88 D93 ^ D87 ^ D92
error(0.00013338669987616075555611483416385) D88 D93 ^ D87 ^ D94
error(6.669779853440971351119515020400286e-05) D88 D93 ^ D89 D94
error(6.669779853440971351119515020400286e-05) D88 D93 ^ D92
error(0.0002000667052120994558999517165531756) D88 D93 ^ D94
error(6.669779853440971351119515020400286e-05) D88 D93 ^ D94 ^ D97
error(6.669779853440971351119515020400286e-05) D88 D93 ^ D97
error(0.0002667378157289137965806069541230272) D88 D95
error(0.0002667378157289137965806069541230272) D88 D95 ^ D89 D94
error(6.669779853440971351119515020400286e-05) D88 D110
error(6.669779853440971351119515020400286e-05) D88 D110 ^ D87
error(6.669779853440971351119515020400286e-05) D88 D110 ^ D87 ^ D92
error(6.669779853440971351119515020400286e-05) D88 D110 ^ D92
error(0.0002000667052120994558999517165531756) D88 D112
error(0.0002000667052120994558999517165531756) D88 D112 ^ D94
error(6.669779853440971351119515020400286e-05) D88 D112 ^ D94 ^ D97
error(6.669779853440971351119515020400286e-05) D88 D112 ^ D97
error(0.0002667378157289137965806069541230272) D88 D114
error(0.00013338669987616075555611483416385) D88 D114 ^ D89 D94
error(0.00013338669987616075555611483416385) D88 D114 ^ D94
error(0.001132653363562216748683386668972162) D88 L0
error(0.0002000667052120994558999517165531756) D88 L0 ^ D64 L0
error(6.669779853440971351119515020400286e-05) D88 L0 ^ D65
error(6.669779853440971351119515020400286e-05) D88 L0 ^ D65 ^ D66 L0
error(6.669779853440971351119515020400286e-05) D88 L0 ^ D66 L0
error(0.0002000667052120994558999517165531756) D88 L0 ^ D89
error(6.669779853440971351119515020400286e-05) D88 L0 ^ D89 ^ D65
error(6.669779853440971351119515020400286e-05) D88 L0 ^ D89 ^ D65 ^ D66 L0
error(6.669779853440971351119515020400286e-05) D88 L0 ^ D89 ^ D66 L0
error(0.002793837730543337165289852208616139) D89
error(0.0004000533570511300221483885763973376) D89 D94
error(6.669779853440971351119515020400286e-05) D89 D94 ^ D95 D98
error(0.00013338669987616075555611483416385) D89 D94 ^ D95 D114
error(0.0002000667052120994558999517165531756) D89 ^ D65
error(6.669779853440971351119515020400286e-05) D89 ^ D65 ^ D66 L0
error(0.0002000667052120994558999517165531756) D89 ^ D66 L0
error(6.669779853440971351119515020400286e-05) D89 ^ D75
error(6.669779853440971351119515020400286e-05) D89 ^ D88 L0
error(0.0002667378157289137965806069541230272) D89 ^ D90 L0
error(0.00013338669987616075555611483416385) D89 ^ D90 L0 ^ D66 L0
error(0.00013338669987616075555611483416385) D89 ^ D94
error(6.669779853440971351119515020400286e-05) D89 ^ D94 ^ D88 L0
error(0.0004666977902291165390506744170551201) D89 ^ D114 L0
error(6.669779853440971351119515020400286e-05) D89 ^ D114 L0 ^ D88 L0
error(0.00013338669987616075555611483416385) D89 ^ D114 L0 ^ D90 L0
error(6.669779853440971351119515020400286e-05) D89 ^ D114 L0 ^ D94
error(6.669779853440971351119515020400286e-05) D89 ^ D114 L0 ^ D94 ^ D88 L0
error(0.000599959987549120990144024823109703) D90 D95
error(0.0004666977902291165390506744170551201) D90 D95 ^ D89
error(6.669779853440971351119515020400286e-05) D90 D95 ^ D89 ^ D94
error(6.669779853440971351119515020400286e-05) D90 D95 ^ D94
error(0.00013338669987616075555611483416385) D90 D95 ^ D99
error(6.669779853440971351119515020400286e-05) D90 D114
error(6.669779853440971351119515020400286e-05) D90 D114 ^ D89
error(6.669779853440971351119515020400286e-05) D90 D114 ^ D89 ^ D94
error(6.669779853440971351119515020400286e-05) D90 D114 ^ D94
error(0.0004000533570511300221483885763973376) D90 D116
error(0.00013338669987616075555611483416385) D90 D116 ^ D99
error(0.0002667378157289137965806069541230272) D90 D118
error(0.0005333333333331479603200975248000759) D90 L0
error(0.00013338669987616075555611483416385) D90 L0 ^ D66 L0
error(0.0002667378157289137965806069541230272) D91 D96
error(0.0002667378157289137965806069541230272) D91 D96 ^ D92
error(0.0002667378157289137965806069541230272) D91 D108
error(0.0002667378157289137965806069541230272) D91 D108 ^ D92
error(0.002926479108829764703980647055914233) D92
error(0.00013338669987616075555611483416385) D92 D97
error(0.00013338669987616075555611483416385) D92 D97 ^ D93 D96
error(0.0002000667052120994558999517165531756) D92 ^ D68
error(6.669779853440971351119515020400286e-05) D92 ^ D86 L0
error(0.00013338669987616075555611483416385) D92 ^ D97
error(0.000599959987549120990144024823109703) D93 D96
error(0.0002667378157289137965806069541230272) D93 D96 ^ D92
error(0.00013338669987616075555611483416385) D93 D96 ^ D92 ^ D97
error(6.669779853440971351119515020400286e-05) D93 D96 ^ D94 D97
error(0.0002000667052120994558999517165531756) D93 D96 ^ D97
error(6.669779853440971351119515020400286e-05) D93 D96 ^ D97 ^ D102
error(6.669779853440971351119515020400286e-05) D93 D96 ^ D102
error(0.0002667378157289137965806069541230272) D93 D98
error(0.0002667378157289137965806069541230272) D93 D98 ^ D94 D97
error(0.0002667378157289137965806069541230272) D93 D108
error(0.0002667378157289137965806069541230272) D93 D108 ^ D92
error(0.000599959987549120990144024823109703) D93 D110
error(6.669779853440971351119515020400286e-05) D93 D110 ^ D87
error(6.669779853440971351119515020400286e-05) D93 D110 ^ D87 ^ D92
error(0.0002000667052120994558999517165531756) D93 D110 ^ D92
error(0.0002000667052120994558999517165531756) D93 D111
error(0.0002000667052120994558999517165531756) D93 D111 ^ D97
error(6.669779853440971351119515020400286e-05) D93 D111 ^ D97 ^ D102
error(6.669779853440971351119515020400286e-05) D93 D111 ^ D102
error(0.000599959987549120990144024823109703) D93 D112
error(6.669779853440971351119515020400286e-05) D93 D112 ^ D94
error(0.00013338669987616075555611483416385) D93 D112 ^ D94 D97
error(6.669779853440971351119515020400286e-05) D93 D112 ^ D94 ^ D97
error(0.0002000667052120994558999517165531756) D93 D112 ^ D97
error(0.002395701190099388568077731775929351) D94
error(0.0004000533570511300221483885763973376) D94 D97
error(6.669779853440971351119515020400286e-05) D94 D97 ^ D98 D103
error(0.00013338669987616075555611483416385) D94 D97 ^ D98 D112
error(0.00013338669987616075555611483416385) D94 D99
error(0.00013338669987616075555611483416385) D94 D99 ^ D95 D98
error(6.669779853440971351119515020400286e-05) D94 ^ D88 L0
error(0.00013338669987616075555611483416385) D94 ^ D97
error(0.00013338669987616075555611483416385) D94 ^ D99
error(0.0005333333333331479603200975248000759) D95 D98
error(6.669779853440971351119515020400286e-05) D95 D98 ^ D75
error(0.0002000667052120994558999517165531756) D95 D98 ^ D94
error(6.669779853440971351119515020400286e-05) D95 D98 ^ D94 ^ D97
error(0.00013338669987616075555611483416385) D95 D98 ^ D94 ^ D99
error(6.669779853440971351119515020400286e-05) D95 D98 ^ D97
error(0.0002667378157289137965806069541230272) D95 D98 ^ D99
error(6.669779853440971351119515020400286e-05) D95 D98 ^ D99 ^ D75
error(6.669779853440971351119515020400286e-05) D95 D98 ^ D99 ^ D104
error(6.669779853440971351119515020400286e-05) D95 D98 ^ D104
error(0.0002667378157289137965806069541230272) D95 D100
error(0.0002667378157289137965806069541230272) D95 D100 ^ D99
error(0.0002000667052120994558999517165531756) D95 D112
error(0.0002000667052120994558999517165531756) D95 D112 ^ D94
error(6.669779853440971351119515020400286e-05) D95 D112 ^ D94 ^ D97
error(6.669779853440971351119515020400286e-05) D95 D112 ^ D97
error(0.000599959987549120990144024823109703) D95 D114
error(6.669779853440971351119515020400286e-05) D95 D114 ^ D89
error(6.669779853440971351119515020400286e-05) D95 D114 ^ D89 ^ D94
error(0.0002000667052120994558999517165531756) D95 D114 ^ D94
error(0.0002000667052120994558999517165531756) D95 D115
error(0.0002000667052120994558999517165531756) D95 D115 ^ D99
error(6.669779853440971351119515020400286e-05) D95 D115 ^ D99 ^ D104
error(6.669779853440971351119515020400286e-05) D95 D115 ^ D104
error(0.0006665777540627741476128576003645776) D95 D116
error(0.0004000533570511300221483885763973376) D95 D116 ^ D99
error(0.0004000533570511300221483885763973376) D96 D101
error(0.0002000667052120994558999517165531756) D96 D101 ^ D78
error(6.669779853440971351119515020400286e-05) D96 D101 ^ D78 ^ D92
error(6.669779853440971351119515020400286e-05) D96 D101 ^ D92
error(6.669779853440971351119515020400286e-05) D96 D101 ^ D97 D102
error(0.0002667378157289137965806069541230272) D96 D101 ^ D102
error(0.00013338669987616075555611483416385) D96 D101 ^ D102 ^ D78
error(0.0002667378157289137965806069541230272) D96 D103
error(0.0002667378157289137965806069541230272) D96 D103 ^ D97 D102
error(0.0005333333333331479603200975248000759) D96 D108
error(0.0002667378157289137965806069541230272) D96 D108 ^ D92
error(0.0002667378157289137965806069541230272) D96 D109
error(0.0002667378157289137965806069541230272) D96 D109 ^ D102
error(0.000599959987549120990144024823109703) D96 D111
error(6.669779853440971351119515020400286e-05) D96 D111 ^ D97
error(0.00013338669987616075555611483416385) D96 D111 ^ D97 D102
error(6.669779853440971351119515020400286e-05) D96 D111 ^ D97 ^ D102
error(0.0002000667052120994558999517165531756) D96 D111 ^ D102
error(0.002395701190099388568077731775929351) D97
error(0.0004000533570511300221483885763973376) D97 D102
error(6.669779853440971351119515020400286e-05) D97 D102 ^ D79
error(6.669779853440971351119515020400286e-05) D97 D102 ^ D103
error(0.00013338669987616075555611483416385) D97 D102 ^ D103 D111
error(6.669779853440971351119515020400286e-05) D97 D102 ^ D103 ^ D79
error(0.00013338669987616075555611483416385) D97 D104
error(0.00013338669987616075555611483416385) D97 D104 ^ D98 D103
error(0.00013338669987616075555611483416385) D97 ^ D102
error(0.00013338669987616075555611483416385) D97 ^ D104
error(0.0005333333333331479603200975248000759) D98 D103
error(0.0002000667052120994558999517165531756) D98 D103 ^ D97
error(6.669779853440971351119515020400286e-05) D98 D103 ^ D97 ^ D102
error(0.00013338669987616075555611483416385) D98 D103 ^ D97 ^ D104
error(6.669779853440971351119515020400286e-05) D98 D103 ^ D99 D104
error(6.669779853440971351119515020400286e-05) D98 D103 ^ D102
error(0.0002000667052120994558999517165531756) D98 D103 ^ D104
error(6.669779853440971351119515020400286e-05) D98 D103 ^ D104 ^ D106
error(6.669779853440971351119515020400286e-05) D98 D103 ^ D106
error(0.0002667378157289137965806069541230272) D98 D105
error(0.0002667378157289137965806069541230272) D98 D105 ^ D99 D104
error(0.0002000667052120994558999517165531756) D98 D111
error(0.0002000667052120994558999517165531756) D98 D111 ^ D97
error(6.669779853440971351119515020400286e-05) D98 D111 ^ D97 ^ D102
error(6.669779853440971351119515020400286e-05) D98 D111 ^ D102
error(0.000599959987549120990144024823109703) D98 D112
error(6.669779853440971351119515020400286e-05) D98 D112 ^ D94
error(6.669779853440971351119515020400286e-05) D98 D112 ^ D94 ^ D97
error(0.0002000667052120994558999517165531756) D98 D112 ^ D97
error(0.0002000667052120994558999517165531756) D98 D113
error(0.0002000667052120994558999517165531756) D98 D113 ^ D104
error(6.669779853440971351119515020400286e-05) D98 D113 ^ D104 ^ D106
error(6.669779853440971351119515020400286e-05) D98 D113 ^ D106
error(0.000599959987549120990144024823109703) D98 D115
error(6.669779853440971351119515020400286e-05) D98 D115 ^ D99
error(0.00013338669987616075555611483416385) D98 D115 ^ D99 D104
error(6.669779853440971351119515020400286e-05) D98 D115 ^ D99 ^ D104
error(0.0002000667052120994558999517165531756) D98 D115 ^ D104
error(0.003191655719268146618183834561932599) D99
error(0.0004000533570511300221483885763973376) D99 D104
error(6.669779853440971351119515020400286e-05) D99 D104 ^ D81
error(6.669779853440971351119515020400286e-05) D99 D104 ^ D105
error(0.00013338669987616075555611483416385) D99 D104 ^ D105 D115
error(6.669779853440971351119515020400286e-05) D99 D104 ^ D105 ^ D81
error(0.0002000667052120994558999517165531756) D99 ^ D75
error(6.669779853440971351119515020400286e-05) D99 ^ D83
error(0.00013338669987616075555611483416385) D99 ^ D104
error(0.000599959987549120990144024823109703) D100 D105
error(0.0004666977902291165390506744170551201) D100 D105 ^ D99
error(6.669779853440971351119515020400286e-05) D100 D105 ^ D99 ^ D104
error(6.669779853440971351119515020400286e-05) D100 D105 ^ D104
error(0.00013338669987616075555611483416385) D100 D105 ^ D107
error(0.0002000667052120994558999517165531756) D100 D115
error(0.0002000667052120994558999517165531756) D100 D115 ^ D99
error(6.669779853440971351119515020400286e-05) D100 D115 ^ D99 ^ D104
error(6.669779853440971351119515020400286e-05) D100 D115 ^ D104
error(0.0005333333333331479603200975248000759) D100 D116
error(0.0002667378157289137965806069541230272) D100 D116 ^ D99
error(0.0004000533570511300221483885763973376) D100 D117
error(0.00013338669987616075555611483416385) D100 D117 ^ D107
error(0.0005333333333331479603200975248000759) D100 D119
error(0.0003334000326131335203289074442523088) D101
error(0.00013338669987616075555611483416385) D101 D109
error(0.00013338669987616075555611483416385) D101 D109 ^ D102
error(0.00013338669987616075555611483416385) D101 ^ D77
error(6.669779853440971351119515020400286e-05) D101 ^ D79
error(0.002727503769002701406592992228183903) D102
error(0.00013338669987616075555611483416385) D102 D106
error(0.00013338669987616075555611483416385) D102 D106 ^ D103
error(0.0002000667052120994558999517165531756) D102 ^ D78
error(6.669779853440971351119515020400286e-05) D102 ^ D78 ^ D79
error(6.669779853440971351119515020400286e-05) D102 ^ D78 ^ D101
error(6.669779853440971351119515020400286e-05) D102 ^ D78 ^ D101 ^ D79
error(6.669779853440971351119515020400286e-05) D102 ^ D79
error(0.0002000667052120994558999517165531756) D102 ^ D101
error(6.669779853440971351119515020400286e-05) D102 ^ D101 ^ D79
error(0.0002667378157289137965806069541230272) D102 ^ D103
error(0.00013338669987616075555611483416385) D102 ^ D103 ^ D106
error(0.00013338669987616075555611483416385) D102 ^ D106
error(0.0002667378157289137965806069541230272) D102 ^ D109
error(0.00013338669987616075555611483416385) D102 ^ D109 ^ D101
error(0.00013338669987616075555611483416385) D102 ^ D109 ^ D103
error(0.001066097777777407374505402870568105) D103
error(0.00013338669987616075555611483416385) D103 D109
error(0.00013338669987616075555611483416385) D103 D109 ^ D102
error(0.000599959987549120990144024823109703) D103 D111
error(6.669779853440971351119515020400286e-05) D103 D111 ^ D97
error(6.669779853440971351119515020400286e-05) D103 D111 ^ D97 ^ D102
error(0.0002000667052120994558999517165531756) D103 D111 ^ D102
error(0.0003334000326131335203289074442523088) D103 D113
error(6.669779853440971351119515020400286e-05) D103 D113 ^ D104
error(6.669779853440971351119515020400286e-05) D103 D113 ^ D104 ^ D106
error(6.669779853440971351119515020400286e-05) D103 D113 ^ D106
error(0.0002000667052120994558999517165531756) D103 ^ D79
error(6.669779853440971351119515020400286e-05) D103 ^ D81
error(0.00013338669987616075555611483416385) D103 ^ D106
error(0.002395701190099388568077731775929351) D104
error(0.0002667378157289137965806069541230272) D104 D106
error(0.0002667378157289137965806069541230272) D104 D106 ^ D103
error(0.00013338669987616075555611483416385) D104 D106 ^ D113
error(0.00013338669987616075555611483416385) D104 D106 ^ D113 ^ D103
error(0.00013338669987616075555611483416385) D104 D107
error(0.00013338669987616075555611483416385) D104 D107 ^ D105
error(0.0002000667052120994558999517165531756) D104 ^ D105
error(0.00013338669987616075555611483416385) D104 ^ D105 ^ D107
error(0.00013338669987616075555611483416385) D104 ^ D106
error(6.669779853440971351119515020400286e-05) D104 ^ D106 ^ D105
error(6.669779853440971351119515020400286e-05) D104 ^ D106 ^ D113
error(6.669779853440971351119515020400286e-05) D104 ^ D106 ^ D113 ^ D105
error(0.00013338669987616075555611483416385) D104 ^ D107
error(6.669779853440971351119515020400286e-05) D104 ^ D113
error(6.669779853440971351119515020400286e-05) D104 ^ D113 ^ D105
error(0.000932959966803423475234513517762025) D105
error(0.00013338669987616075555611483416385) D105 D113
error(0.00013338669987616075555611483416385) D105 D113 ^ D104
error(0.000599959987549120990144024823109703) D105 D115
error(6.669779853440971351119515020400286e-05) D105 D115 ^ D99
error(6.669779853440971351119515020400286e-05) D105 D115 ^ D99 ^ D104
error(0.0002000667052120994558999517165531756) D105 D115 ^ D104
error(0.0004000533570511300221483885763973376) D105 D117
error(0.00013338669987616075555611483416385) D105 D117 ^ D107
error(0.0002000667052120994558999517165531756) D105 ^ D81
error(0.00013338669987616075555611483416385) D105 ^ D83
error(0.0002667378157289137965806069541230272) D105 ^ D107
error(0.00013338669987616075555611483416385) D105 ^ D107 ^ D83
error(0.002262918176598560475454302576281407) D106
error(0.00013338669987616075555611483416385) D106 ^ D103
error(6.669779853440971351119515020400286e-05) D106 ^ D105
error(0.000733186634059687820930140134123576) D106 ^ D113
error(0.00013338669987616075555611483416385) D106 ^ D113 ^ D103
error(6.669779853440971351119515020400286e-05) D106 ^ D113 ^ D105
error(0.002528448780624275703948766746975707) D107
error(0.00013338669987616075555611483416385) D107 ^ D83
error(0.0002667378157289137965806069541230272) D107 ^ D105
error(0.0007997866287252842132024510668486528) D107 ^ D117
error(0.0002667378157289137965806069541230272) D107 ^ D117 ^ D105
error(0.0005333333333331479603200975248000759) D108 D110
error(0.0005333333333331479603200975248000759) D108 D110 ^ D92
error(0.0002667378157289137965806069541230272) D108 D111
error(0.0002667378157289137965806069541230272) D109
error(0.0005333333333331479603200975248000759) D109 D111
error(0.0005333333333331479603200975248000759) D109 D111 ^ D102
error(0.00013338669987616075555611483416385) D109 ^ D101
error(0.00013338669987616075555611483416385) D109 ^ D103
error(0.0002667378157289137965806069541230272) D110 D112
error(0.000733186634059687820930140134123576) D110 L0
error(0.0003334000326131335203289074442523088) D110 L0 ^ D86 L0
error(0.00013338669987616075555611483416385) D110 L0 ^ D88 L0
error(6.669779853440971351119515020400286e-05) D110 L0 ^ D92
error(6.669779853440971351119515020400286e-05) D110 L0 ^ D92 ^ D86 L0
error(0.0005333333333331479603200975248000759) D111 D112
error(0.0005333333333331479603200975248000759) D111 D112 ^ D97
error(0.0002667378157289137965806069541230272) D111 D113
error(0.0005333333333331479603200975248000759) D112 D114
error(0.0005333333333331479603200975248000759) D112 D114 ^ D94
error(0.0002667378157289137965806069541230272) D112 D115
error(0.0008663777392448274508596206544552842) D113
error(0.0005333333333331479603200975248000759) D113 D115
error(0.0005333333333331479603200975248000759) D113 D115 ^ D104
error(0.0002667378157289137965806069541230272) D113 ^ D103
error(6.669779853440971351119515020400286e-05) D113 ^ D105
error(0.0002667378157289137965806069541230272) D114 D116
error(0.000733186634059687820930140134123576) D114 L0
error(0.0003334000326131335203289074442523088) D114 L0 ^ D88 L0
error(0.00013338669987616075555611483416385) D114 L0 ^ D90 L0
error(6.669779853440971351119515020400286e-05) D114 L0 ^ D94
error(6.669779853440971351119515020400286e-05) D114 L0 ^ D94 ^ D88 L0
error(0.0005333333333331479603200975248000759) D115 D116
error(0.0005333333333331479603200975248000759) D115 D116 ^ D99
error(0.0002667378157289137965806069541230272) D115 D117
error(0.0002667378157289137965806069541230272) D116 D118
error(0.0002667378157289137965806069541230272) D116 D119
error(0.0007997866287252842132024510668486528) D117
error(0.0002667378157289137965806069541230272) D117 D119
error(0.0002667378157289137965806069541230272) D117 ^ D105
error(0.0002667378157289137965806069541230272) D118 L0
error(0.0002667378157289137965806069541230272) D118 L0 ^ D90 L0
detector(0, 4, 0) D0
detector(0, 8, 0) D1
detector(2, 2, 0) D2
detector(2, 6, 0) D3
detector(4, 4, 0) D4
detector(4, 8, 0) D5
detector(6, 2, 0) D6
detector(6, 6, 0) D7
detector(8, 4, 0) D8
detector(8, 8, 0) D9
detector(10, 2, 0) D10
detector(10, 6, 0) D11
shift_detectors(0, 0, 1) 0
detector(2, 0, 0) D12
detector(6, 0, 0) D13
detector(2, 2, 0) D14
detector(4, 2, 0) D15
detector(6, 2, 0) D16
detector(8, 2, 0) D17
detector(10, 2, 0) D18
detector(0, 4, 0) D19
detector(2, 4, 0) D20
detector(4, 4, 0) D21
detector(6, 4, 0) D22
detector(8, 4, 0) D23
detector(2, 6, 0) D24
detector(4, 6, 0) D25
detector(6, 6, 0) D26
detector(8, 6, 0) D27
detector(10, 6, 0) D28
detector(0, 8, 0) D29
detector(2, 8, 0) D30
detector(4, 8, 0) D31
detector(6, 8, 0) D32
detector(8, 8, 0) D33
detector(4, 10, 0) D34
detector(8, 10, 0) D35
shift_detectors(0, 0, 1) 0
detector(2, 0, 0) D36
detector(6, 0, 0) D37
detector(2, 2, 0) D38
detector(4, 2, 0) D39
detector(6, 2, 0) D40
detector(8, 2, 0) D41
detector(10, 2, 0) D42
detector(0, 4, 0) D43
detector(2, 4, 0) D44
detector(4, 4, 0) D45
detector(6, 4, 0) D46
detector(8, 4, 0) D47
detector(2, 6, 0) D48
detector(4, 6, 0) D49
detector(6, 6, 0) D50
detector(8, 6, 0) D51
detector(10, 6, 0) D52
detector(0, 8, 0) D53
detector(2, 8, 0) D54
detector(4, 8, 0) D55
detector(6, 8, 0) D56
detector(8, 8, 0) D57
detector(4, 10, 0) D58
detector(8, 10, 0) D59
shift_detectors(0, 0, 1) 0
detector(2, 0, 0) D60
detector(6, 0, 0) D61
detector(2, 2, 0) D62
detector(4, 2, 0) D63
detector(6, 2, 0) D64
detector(8, 2, 0) D65
detector(10, 2, 0) D66
detector(0, 4, 0) D67
detector(2, 4, 0) D68
detector(4, 4, 0) D69
detector(6, 4, 0) D70
detector(8, 4, 0) D71
detector(2, 6, 0) D72
detector(4, 6, 0) D73
detector(6, 6, 0) D74
detector(8, 6, 0) D75
detector(10, 6, 0) D76
detector(0, 8, 0) D77
detector(2, 8, 0) D78
detector(4, 8, 0) D79
detector(6, 8, 0) D80
detector(8, 8, 0) D81
detector(4, 10, 0) D82
detector(8, 10, 0) D83
shift_detectors(0, 0, 1) 0
detector(2, 0, 0) D84
detector(6, 0, 0) D85
detector(2, 2, 0) D86
detector(4, 2, 0) D87
detector(6, 2, 0) D88
detector(8, 2, 0) D89
detector(10, 2, 0) D90
detector(0, 4, 0) D91
detector(2, 4, 0) D92
detector(4, 4, 0) D93
detector(6, 4, 0) D94
detector(8, 4, 0) D95
detector(2, 6, 0) D96
detector(4, 6, 0) D97
detector(6, 6, 0) D98
detector(8, 6, 0) D99
detector(10, 6, 0) D100
detector(0, 8, 0) D101
detector(2, 8, 0) D102
detector(4, 8, 0) D103
detector(6, 8, 0) D104
detector(8, 8, 0) D105
detector(4, 10, 0) D106
detector(8, 10, 0) D107
detector(0, 4, 1) D108
detector(0, 8, 1) D109
detector(2, 2, 1) D110
detector(2, 6, 1) D111
detector(4, 4, 1) D112
detector(4, 8, 1) D113
detector(6, 2, 1) D114
detector(6, 6, 1) D115
detector(8, 4, 1) D116
detector(8, 8, 1) D117
detector(10, 2, 1) D118
detector(10, 6, 1) D119
